Outlet_ID,Region,Outlet_Type,Rent_Cost,Staff_Cost,Inventory_Cost,Operating_Cost,Marketing_Spend,Monthly_Revenue,Profit_Margin
OUT-0125,Western,Supermarket,171.0,240.0,384.0,795.0,57.0,2388.0,0.6432160804020101
OUT-1122,North Western,Convenience,155.0,260.0,290.0,705.0,106.0,2401.0,0.6622240733027905
OUT-0604,Western,Convenience,318.0,453.0,623.0,1394.0,201.0,3949.0,0.596100278551532
OUT-0202,Sabaragamuwa,Convenience,372.0,546.0,853.0,1771.0,201.0,4748.0,0.5846672283066554
OUT-0601,Southern,Supermarket,219.0,376.0,517.0,1112.0,132.0,3553.0,0.6498733464677737
OUT-0263,North Western,Convenience,215.0,347.0,465.0,1027.0,98.0,2471.0,0.5447187373532982
OUT-0723,Sabaragamuwa,Supermarket,108.0,167.0,247.0,522.0,102.0,2580.0,0.7581395348837209
OUT-0717,Southern,Supermarket,276.0,396.0,630.0,1302.0,152.0,3161.0,0.5400189813350206
OUT-0700,Central,Supermarket,216.0,309.0,459.0,984.0,96.0,2390.0,0.5481171548117155
OUT-0308,Southern,Wholesale,304.0,480.0,577.0,1361.0,148.0,2696.0,0.44028189910979226
OUT-0212,Western,Convenience,274.0,428.0,547.0,1249.0,127.0,3162.0,0.5648323845667299
OUT-0339,Sabaragamuwa,Convenience,168.0,242.0,242.0,652.0,90.0,2058.0,0.6394557823129252
OUT-0657,Western,Supermarket,293.0,491.0,804.0,1588.0,201.0,4386.0,0.5921112631098951
OUT-0397,Western,Supermarket,320.0,495.0,775.0,1590.0,175.0,4433.0,0.6018497631400858
OUT-0981,Western,Supermarket,355.0,538.0,838.0,1731.0,212.0,4746.0,0.5906026127265065
OUT-0161,Western,Supermarket,152.0,281.0,312.0,745.0,40.0,1291.0,0.3919442292796282
OUT-0977,Western,Supermarket,235.0,361.0,561.0,1157.0,140.0,2911.0,0.55444864307798
OUT-1115,Sabaragamuwa,Supermarket,356.0,608.0,774.0,1738.0,227.0,4591.0,0.571988673491614
OUT-0413,Central,Supermarket,143.0,237.0,319.0,699.0,115.0,1900.0,0.5715789473684211
OUT-0737,Sabaragamuwa,Supermarket,161.0,239.0,355.0,755.0,75.0,1667.0,0.5020995800839833
OUT-1052,Southern,Convenience,153.0,238.0,395.0,786.0,65.0,1571.0,0.4583068109484405
OUT-0847,Southern,Supermarket,194.0,344.0,536.0,1074.0,133.0,3202.0,0.623048094940662
OUT-0260,Sabaragamuwa,Supermarket,298.0,428.0,584.0,1310.0,119.0,3263.0,0.5620594544897334
OUT-0214,Western,Supermarket,326.0,479.0,729.0,1534.0,186.0,4183.0,0.5888118575185274
OUT-0387,Southern,Supermarket,270.0,482.0,633.0,1385.0,196.0,4393.0,0.640109264739358
OUT-0173,Southern,Supermarket,194.0,263.0,381.0,838.0,98.0,1977.0,0.5265553869499241
OUT-0683,Western,Supermarket,125.0,206.0,274.0,605.0,22.0,736.0,0.1480978260869565
OUT-0087,Southern,Supermarket,321.0,458.0,722.0,1501.0,154.0,3361.0,0.5075870276703363
OUT-1139,Western,Convenience,78.0,223.0,212.0,513.0,59.0,1793.0,0.6809815950920245
OUT-1013,Central,Supermarket,249.0,391.0,487.0,1127.0,127.0,3215.0,0.6099533437013996
OUT-1143,North Western,Supermarket,368.0,512.0,744.0,1624.0,178.0,4250.0,0.576
OUT-0354,Southern,Supermarket,290.0,418.0,554.0,1262.0,135.0,3002.0,0.5346435709526982
OUT-0572,North Western,Supermarket,351.0,445.0,709.0,1505.0,156.0,4210.0,0.6054631828978623
OUT-0129,Western,Supermarket,138.0,248.0,236.0,622.0,46.0,1301.0,0.4865488086087625
OUT-0613,North Western,Supermarket,337.0,550.0,821.0,1708.0,197.0,4664.0,0.5915523156089194
OUT-0081,Western,Supermarket,308.0,473.0,621.0,1402.0,152.0,3848.0,0.5961538461538461
OUT-0467,Sabaragamuwa,Convenience,259.0,418.0,574.0,1251.0,170.0,3414.0,0.5837727006444053
OUT-0058,North Western,Supermarket,289.0,404.0,552.0,1245.0,135.0,2370.0,0.4177215189873418
OUT-0326,Central,Supermarket,288.0,392.0,596.0,1276.0,196.0,3862.0,0.6188503366131538
OUT-0496,Southern,Convenience,261.0,379.0,562.0,1202.0,141.0,3611.0,0.6280808640265855
OUT-0887,Sabaragamuwa,Convenience,235.0,374.0,448.0,1057.0,122.0,3351.0,0.64816472694718
OUT-0726,Central,Wholesale,141.0,229.0,295.0,665.0,45.0,2128.0,0.6663533834586466
OUT-0705,Southern,Supermarket,184.0,356.0,462.0,1002.0,105.0,2538.0,0.5638297872340425
OUT-0513,Western,Convenience,154.0,170.0,182.0,506.0,66.0,1666.0,0.6566626650660264
OUT-1010,North Western,Supermarket,212.0,353.0,534.0,1099.0,147.0,3197.0,0.6102596183922427
OUT-0668,Western,Convenience,373.0,600.0,849.0,1822.0,209.0,4560.0,0.5546052631578947
OUT-0856,Western,Wholesale,248.0,401.0,576.0,1225.0,134.0,2934.0,0.5368098159509203
OUT-1121,Southern,Supermarket,296.0,474.0,605.0,1375.0,170.0,4156.0,0.6282483156881616
OUT-0676,Southern,Wholesale,201.0,340.0,503.0,1044.0,123.0,3159.0,0.630579297245964
OUT-0629,Southern,Supermarket,265.0,405.0,593.0,1263.0,101.0,2959.0,0.5390334572490706
OUT-0702,Central,Supermarket,204.0,314.0,419.0,937.0,113.0,2573.0,0.5919160513019821
OUT-0155,Western,Supermarket,118.0,244.0,335.0,697.0,77.0,1782.0,0.5656565656565656
OUT-0956,Western,Supermarket,359.0,561.0,689.0,1609.0,196.0,3875.0,0.5341935483870968
OUT-0402,Sabaragamuwa,Convenience,339.0,532.0,744.0,1615.0,175.0,3907.0,0.5418479651906833
OUT-1182,Central,Supermarket,131.0,214.0,333.0,678.0,32.0,1068.0,0.3352059925093633
OUT-0650,Sabaragamuwa,Supermarket,127.0,200.0,266.0,593.0,80.0,1980.0,0.6601010101010101
OUT-0437,Western,Convenience,150.0,228.0,336.0,714.0,79.0,2419.0,0.6721785861926416
OUT-0295,Central,Convenience,368.0,517.0,717.0,1602.0,181.0,3704.0,0.5186285097192225
OUT-0984,Western,Convenience,257.0,377.0,570.0,1204.0,91.0,2757.0,0.5302865433442148
OUT-0366,Central,Convenience,238.0,317.0,462.0,1017.0,118.0,2888.0,0.606994459833795
OUT-0064,Western,Supermarket,301.0,474.0,652.0,1427.0,162.0,3482.0,0.5436530729465824
OUT-0358,Central,Supermarket,266.0,540.0,696.0,1502.0,141.0,3336.0,0.507494004796163
OUT-0916,Western,Supermarket,342.0,554.0,811.0,1707.0,214.0,4759.0,0.5963437696995167
OUT-0288,North Western,Wholesale,224.0,281.0,437.0,942.0,113.0,2949.0,0.6422516107154967
OUT-0225,Western,Convenience,199.0,308.0,489.0,996.0,86.0,2925.0,0.6300854700854701
OUT-0320,Sabaragamuwa,Supermarket,366.0,544.0,842.0,1752.0,190.0,3915.0,0.5039591315453384
OUT-0147,Western,Supermarket,180.0,300.0,462.0,942.0,87.0,2156.0,0.5227272727272727
OUT-0948,Western,Wholesale,344.0,543.0,731.0,1618.0,111.0,2791.0,0.3805087782156933
OUT-0296,Sabaragamuwa,Convenience,355.0,558.0,783.0,1696.0,188.0,3917.0,0.5190196579014552
OUT-0768,Southern,Convenience,120.0,179.0,225.0,524.0,73.0,1768.0,0.6623303167420814
OUT-0089,North Western,Convenience,145.0,264.0,381.0,790.0,124.0,2314.0,0.6050129645635264
OUT-0957,Western,Wholesale,327.0,450.0,654.0,1431.0,173.0,4439.0,0.6386573552601937
OUT-0598,Southern,Supermarket,264.0,437.0,561.0,1262.0,151.0,2799.0,0.49517684887459806
OUT-1030,Central,Convenience,222.0,317.0,472.0,1011.0,139.0,3143.0,0.6341075405663379
OUT-0999,Western,Wholesale,396.0,587.0,831.0,1814.0,188.0,4272.0,0.5313670411985019
OUT-0542,Southern,Supermarket,298.0,408.0,601.0,1307.0,176.0,4255.0,0.6514688601645123
OUT-0958,Western,Supermarket,251.0,383.0,561.0,1195.0,149.0,2851.0,0.5285864608909154
OUT-0519,Southern,Wholesale,113.0,212.0,266.0,591.0,35.0,1105.0,0.4334841628959276
OUT-0054,North Western,Convenience,243.0,433.0,604.0,1280.0,149.0,2864.0,0.5010474860335196
OUT-0357,Western,Supermarket,287.0,495.0,701.0,1483.0,135.0,3380.0,0.521301775147929
OUT-0145,Western,Convenience,184.0,399.0,518.0,1101.0,113.0,3259.0,0.6274930960417306
OUT-1022,Central,Convenience,309.0,496.0,699.0,1504.0,204.0,4595.0,0.6282916213275299
OUT-0854,Central,Convenience,337.0,583.0,785.0,1705.0,187.0,4259.0,0.5557642639117164
OUT-0018,Southern,Wholesale,153.0,233.0,373.0,759.0,91.0,2793.0,0.6956677407805227
OUT-0982,Sabaragamuwa,Convenience,312.0,505.0,720.0,1537.0,194.0,4755.0,0.63596214511041
OUT-0270,Southern,Wholesale,93.0,194.0,236.0,523.0,57.0,2237.0,0.7407241841752347
OUT-0301,Western,Supermarket,336.0,484.0,628.0,1448.0,163.0,3774.0,0.5731319554848967
OUT-0475,Central,Convenience,190.0,329.0,385.0,904.0,80.0,2425.0,0.5942268041237113
OUT-0526,Western,Convenience,229.0,321.0,492.0,1042.0,148.0,2999.0,0.6032010670223408
OUT-0686,Southern,Convenience,220.0,362.0,508.0,1090.0,109.0,2062.0,0.4185257032007759
OUT-0258,Southern,Supermarket,142.0,208.0,364.0,714.0,95.0,2143.0,0.6224918338777414
OUT-0144,North Western,Supermarket,289.0,423.0,603.0,1315.0,135.0,3891.0,0.6273451554870213
OUT-0781,Southern,Supermarket,176.0,275.0,377.0,828.0,91.0,2461.0,0.6265745631856968
OUT-0235,Sabaragamuwa,Supermarket,367.0,504.0,818.0,1689.0,193.0,4082.0,0.5389514943655072
OUT-0438,Southern,Convenience,270.0,413.0,577.0,1260.0,119.0,2583.0,0.46612466124661245
OUT-0099,North Western,Supermarket,166.0,228.0,305.0,699.0,87.0,2186.0,0.6404391582799634
OUT-0254,North Western,Convenience,202.0,310.0,403.0,915.0,80.0,1882.0,0.47130712008501596
OUT-0708,Southern,Convenience,306.0,504.0,656.0,1466.0,160.0,3912.0,0.5843558282208589
OUT-0648,North Western,Convenience,210.0,380.0,559.0,1149.0,159.0,3115.0,0.5800963081861958
OUT-0237,Western,Wholesale,261.0,356.0,507.0,1124.0,118.0,3423.0,0.6371603856266433
OUT-0501,Western,Supermarket,329.0,449.0,680.0,1458.0,142.0,3454.0,0.5367689635205559
OUT-0117,Western,Convenience,335.0,539.0,660.0,1534.0,155.0,3365.0,0.49806835066864785
OUT-0003,Western,Supermarket,386.0,559.0,771.0,1716.0,159.0,3535.0,0.4695898161244696
OUT-0390,Central,Supermarket,327.0,528.0,721.0,1576.0,210.0,4357.0,0.590084920817076
OUT-0108,Central,Convenience,218.0,281.0,430.0,929.0,99.0,1939.0,0.4698298091799897
OUT-0043,Western,Wholesale,282.0,473.0,586.0,1341.0,201.0,3922.0,0.6068332483426823
OUT-1044,Central,Wholesale,296.0,496.0,683.0,1475.0,149.0,2945.0,0.44855687606112055
OUT-1130,North Western,Wholesale,361.0,588.0,788.0,1737.0,227.0,4730.0,0.5847780126849894
OUT-0305,Western,Convenience,308.0,527.0,754.0,1589.0,166.0,3850.0,0.5441558441558442
OUT-0665,Central,Convenience,189.0,298.0,422.0,909.0,127.0,2679.0,0.6132885405001867
OUT-0720,Western,Supermarket,363.0,552.0,778.0,1693.0,227.0,4762.0,0.5968080638387232
OUT-0858,Western,Convenience,326.0,538.0,784.0,1648.0,188.0,3882.0,0.527047913446677
OUT-0545,Western,Supermarket,176.0,208.0,394.0,778.0,106.0,2228.0,0.6032315978456014
OUT-1036,North Western,Convenience,267.0,429.0,698.0,1394.0,159.0,3840.0,0.5955729166666667
OUT-0224,North Western,Supermarket,339.0,606.0,799.0,1744.0,202.0,4566.0,0.5738063950941743
OUT-0448,Western,Supermarket,269.0,419.0,612.0,1300.0,161.0,3669.0,0.6017988552739166
OUT-0421,Western,Convenience,283.0,458.0,595.0,1336.0,128.0,3327.0,0.5599639314697926
OUT-0226,Southern,Wholesale,335.0,571.0,760.0,1666.0,209.0,4523.0,0.5854521335396861
OUT-0066,Central,Convenience,271.0,457.0,594.0,1322.0,95.0,1760.0,0.19488636363636364
OUT-0799,Western,Supermarket,297.0,490.0,651.0,1438.0,171.0,3763.0,0.5724156258304545
OUT-0938,Western,Convenience,116.0,291.0,367.0,774.0,98.0,2859.0,0.6949982511367611
OUT-0674,Western,Convenience,291.0,462.0,661.0,1414.0,156.0,3699.0,0.5755609624222763
OUT-0775,Southern,Wholesale,108.0,202.0,259.0,569.0,68.0,1525.0,0.5822950819672131
OUT-0398,Central,Wholesale,197.0,258.0,476.0,931.0,66.0,2620.0,0.6194656488549618
OUT-0739,Western,Wholesale,231.0,364.0,450.0,1045.0,89.0,1845.0,0.3853658536585366
OUT-0130,North Western,Supermarket,226.0,398.0,535.0,1159.0,123.0,2758.0,0.5351704133430022
OUT-1154,Central,Supermarket,167.0,245.0,328.0,740.0,81.0,1618.0,0.4925834363411619
OUT-0580,Central,Wholesale,180.0,313.0,433.0,926.0,61.0,2236.0,0.5585867620751341
OUT-0302,Southern,Convenience,155.0,242.0,288.0,685.0,83.0,1619.0,0.525633106856084
OUT-0727,Western,Wholesale,202.0,318.0,377.0,897.0,86.0,2125.0,0.5374117647058824
OUT-0520,Western,Wholesale,353.0,547.0,709.0,1609.0,124.0,5042.0,0.6562871876239588
OUT-0851,Western,Convenience,197.0,285.0,350.0,832.0,98.0,2470.0,0.6234817813765182
OUT-0829,Sabaragamuwa,Wholesale,345.0,536.0,707.0,1588.0,204.0,4623.0,0.6123729180186026
OUT-0306,Central,Convenience,201.0,351.0,540.0,1092.0,127.0,3274.0,0.627672571777642
OUT-0528,Southern,Supermarket,339.0,594.0,822.0,1755.0,182.0,4068.0,0.5238446411012783
OUT-0704,Western,Convenience,354.0,546.0,764.0,1664.0,216.0,5030.0,0.6262425447316103
OUT-0701,North Western,Supermarket,187.0,273.0,365.0,825.0,69.0,1635.0,0.45321100917431195
OUT-0641,Sabaragamuwa,Supermarket,308.0,473.0,730.0,1511.0,169.0,4159.0,0.5960567444097139
OUT-1104,Western,Supermarket,327.0,467.0,763.0,1557.0,208.0,3712.0,0.5245150862068966
OUT-0638,Central,Supermarket,309.0,489.0,580.0,1378.0,176.0,3808.0,0.5919117647058824
OUT-1184,North Western,Convenience,151.0,285.0,306.0,742.0,61.0,1949.0,0.5879938429964084
OUT-0772,Southern,Convenience,296.0,381.0,544.0,1221.0,113.0,3086.0,0.5677252106286454
OUT-0758,Sabaragamuwa,Supermarket,375.0,561.0,787.0,1723.0,206.0,5020.0,0.6157370517928287
OUT-0548,Southern,Supermarket,95.0,270.0,323.0,688.0,44.0,1171.0,0.3748932536293766
OUT-0154,Southern,Supermarket,267.0,446.0,587.0,1300.0,135.0,2796.0,0.4867668097281831
OUT-0168,Southern,Supermarket,302.0,523.0,741.0,1566.0,154.0,3740.0,0.5401069518716578
OUT-1050,Central,Supermarket,218.0,273.0,368.0,859.0,111.0,2449.0,0.6039199673336055
OUT-0955,Southern,Supermarket,361.0,592.0,776.0,1729.0,216.0,4631.0,0.5800043187216584
OUT-0503,Western,Supermarket,357.0,567.0,744.0,1668.0,157.0,4035.0,0.5477075588599752
OUT-0026,North Western,Supermarket,166.0,261.0,343.0,770.0,96.0,2121.0,0.5917020273455917
OUT-0178,Western,Supermarket,379.0,592.0,787.0,1758.0,189.0,4476.0,0.5650134048257373
OUT-1144,North Western,Supermarket,327.0,525.0,707.0,1559.0,157.0,3850.0,0.5542857142857143
OUT-0595,Western,Supermarket,101.0,193.0,301.0,595.0,47.0,1257.0,0.4892601431980907
OUT-0409,North Western,Supermarket,154.0,221.0,325.0,700.0,61.0,1540.0,0.5058441558441559
OUT-0877,Western,Convenience,238.0,374.0,492.0,1104.0,104.0,3295.0,0.6333839150227618
OUT-0571,Central,Supermarket,195.0,299.0,405.0,899.0,129.0,2357.0,0.563852354688163
OUT-0384,Central,Supermarket,225.0,363.0,448.0,1036.0,109.0,2575.0,0.5553398058252427
OUT-1032,Central,Convenience,264.0,489.0,698.0,1451.0,169.0,4263.0,0.6199859254046446
OUT-0537,Sabaragamuwa,Supermarket,230.0,379.0,575.0,1184.0,115.0,3317.0,0.6083810672294242
OUT-0293,Western,Supermarket,399.0,562.0,733.0,1694.0,185.0,3801.0,0.5056564062088924
OUT-0300,Sabaragamuwa,Supermarket,291.0,401.0,685.0,1377.0,145.0,3181.0,0.5215341087708267
OUT-1131,Central,Wholesale,395.0,624.0,817.0,1836.0,202.0,4717.0,0.5679457282170871
OUT-0492,Southern,Wholesale,252.0,488.0,637.0,1377.0,123.0,2823.0,0.46865037194473963
OUT-1081,Southern,Wholesale,191.0,313.0,392.0,896.0,123.0,2649.0,0.6153265383163458
OUT-0215,Western,Supermarket,306.0,506.0,658.0,1470.0,185.0,3128.0,0.4709079283887468
OUT-0102,Western,Supermarket,294.0,443.0,588.0,1325.0,160.0,3773.0,0.6064139941690962
OUT-0521,Western,Supermarket,323.0,527.0,782.0,1632.0,187.0,4491.0,0.5949677132041862
OUT-1096,North Western,Convenience,234.0,370.0,450.0,1054.0,144.0,3244.0,0.6307028360049322
OUT-0672,Central,Supermarket,267.0,428.0,605.0,1300.0,125.0,2996.0,0.524365821094793
OUT-0803,Southern,Convenience,349.0,516.0,778.0,1643.0,215.0,5405.0,0.6562442183163737
OUT-0628,Western,Supermarket,141.0,264.0,336.0,741.0,36.0,1986.0,0.6087613293051359
OUT-0172,Southern,Convenience,287.0,420.0,529.0,1236.0,116.0,2878.0,0.5302293259207783
OUT-0500,Western,Supermarket,285.0,475.0,521.0,1281.0,142.0,3614.0,0.6062534587714444
OUT-1011,North Western,Convenience,293.0,448.0,671.0,1412.0,208.0,5003.0,0.676194283429942
OUT-0344,North Western,Supermarket,269.0,342.0,550.0,1161.0,134.0,3001.0,0.5684771742752416
OUT-0995,North Western,Wholesale,366.0,525.0,810.0,1701.0,198.0,4180.0,0.5456937799043062
OUT-1180,Central,Wholesale,169.0,279.0,370.0,818.0,25.0,1545.0,0.45436893203883494
OUT-0267,Western,Wholesale,186.0,301.0,378.0,865.0,122.0,2782.0,0.6452192667145938
OUT-0343,Western,Supermarket,280.0,516.0,645.0,1441.0,192.0,3545.0,0.5393511988716502
OUT-0416,Western,Convenience,188.0,253.0,423.0,864.0,76.0,2019.0,0.5344229816740961
OUT-0719,Southern,Wholesale,275.0,452.0,657.0,1384.0,151.0,3001.0,0.48850383205598136
OUT-0801,Western,Convenience,291.0,462.0,586.0,1339.0,127.0,3304.0,0.5562953995157385
OUT-1098,Western,Supermarket,310.0,471.0,703.0,1484.0,201.0,4121.0,0.5911186605192914
OUT-1083,Central,Convenience,321.0,542.0,776.0,1639.0,212.0,4861.0,0.619214153466365
OUT-0246,Sabaragamuwa,Convenience,349.0,494.0,763.0,1606.0,189.0,4021.0,0.5535936334245213
OUT-0457,Central,Wholesale,379.0,533.0,818.0,1730.0,219.0,4792.0,0.5932804674457429
OUT-0049,Western,Convenience,288.0,410.0,619.0,1317.0,155.0,3844.0,0.6170655567117586
OUT-0731,Western,Wholesale,193.0,361.0,435.0,989.0,118.0,2593.0,0.5730813729271115
OUT-0866,Western,Supermarket,338.0,505.0,708.0,1551.0,230.0,4359.0,0.5914200504702913
OUT-0971,Western,Supermarket,168.0,288.0,398.0,854.0,85.0,2727.0,0.6556655665566556
OUT-0502,Southern,Convenience,329.0,503.0,774.0,1606.0,183.0,3692.0,0.5154387865655471
OUT-0200,Central,Convenience,215.0,356.0,455.0,1026.0,90.0,2173.0,0.4864242982052462
OUT-1128,Central,Wholesale,316.0,432.0,656.0,1404.0,193.0,3570.0,0.5526610644257703
OUT-0587,Western,Supermarket,149.0,223.0,340.0,712.0,69.0,1848.0,0.5773809523809523
OUT-0644,Western,Wholesale,179.0,308.0,423.0,910.0,90.0,2268.0,0.5590828924162258
OUT-0194,Sabaragamuwa,Supermarket,319.0,540.0,675.0,1534.0,130.0,3139.0,0.46989487097801846
OUT-0273,Central,Wholesale,125.0,197.0,308.0,630.0,79.0,1896.0,0.6260548523206751
OUT-0911,Southern,Convenience,314.0,436.0,662.0,1412.0,160.0,3226.0,0.5127092374457533
OUT-0379,Western,Supermarket,221.0,315.0,439.0,975.0,101.0,2739.0,0.6071558963125229
OUT-0031,Central,Convenience,346.0,457.0,662.0,1465.0,190.0,3060.0,0.4591503267973856
OUT-0004,Central,Convenience,332.0,452.0,603.0,1387.0,181.0,3977.0,0.6057329645461403
OUT-0988,Central,Supermarket,147.0,217.0,256.0,620.0,70.0,2514.0,0.7255369928400954
OUT-0234,Sabaragamuwa,Supermarket,267.0,431.0,551.0,1249.0,160.0,3808.0,0.6299894957983193
OUT-0137,Central,Convenience,363.0,583.0,796.0,1742.0,150.0,3585.0,0.47224546722454674
OUT-0594,Western,Convenience,316.0,427.0,648.0,1391.0,142.0,3297.0,0.535031847133758
OUT-1155,Western,Supermarket,299.0,398.0,569.0,1266.0,143.0,3197.0,0.559274319674695
OUT-0378,Central,Convenience,247.0,378.0,491.0,1116.0,56.0,1539.0,0.23846653671215073
OUT-0839,Western,Supermarket,234.0,344.0,465.0,1043.0,131.0,2973.0,0.605112680793811
OUT-0588,Southern,Convenience,193.0,341.0,505.0,1039.0,111.0,2285.0,0.49671772428884026
OUT-0778,Southern,Supermarket,163.0,335.0,392.0,890.0,87.0,2791.0,0.6499462558222859
OUT-1006,Western,Convenience,207.0,345.0,496.0,1048.0,116.0,3196.0,0.6357947434292867
OUT-0078,Western,Convenience,267.0,465.0,697.0,1429.0,130.0,3192.0,0.5115914786967418
OUT-0023,Western,Supermarket,358.0,527.0,764.0,1649.0,169.0,3900.0,0.5338461538461539
OUT-1125,Central,Wholesale,246.0,356.0,487.0,1089.0,137.0,3459.0,0.6455623012431339
OUT-0875,North Western,Supermarket,281.0,497.0,607.0,1385.0,169.0,4341.0,0.6420179682100898
OUT-1127,Central,Wholesale,255.0,351.0,583.0,1189.0,147.0,2958.0,0.5483434753211629
OUT-1049,Southern,Convenience,363.0,532.0,726.0,1621.0,194.0,4193.0,0.567135702361078
OUT-0455,Western,Convenience,150.0,243.0,294.0,687.0,88.0,2854.0,0.7284512964260687
OUT-0619,Western,Supermarket,102.0,229.0,269.0,600.0,58.0,1670.0,0.6059880239520958
OUT-0618,Sabaragamuwa,Supermarket,209.0,367.0,455.0,1031.0,91.0,2203.0,0.49069450748978666
OUT-1142,Central,Supermarket,309.0,545.0,725.0,1579.0,165.0,3806.0,0.5417761429322123
OUT-0597,Western,Supermarket,274.0,430.0,600.0,1304.0,147.0,3416.0,0.5752341920374707
OUT-0926,Western,Convenience,193.0,257.0,386.0,836.0,73.0,2356.0,0.6141765704584041
OUT-1200,Western,Supermarket,315.0,473.0,736.0,1524.0,162.0,3909.0,0.5686876438986953
OUT-0543,Western,Supermarket,322.0,552.0,634.0,1508.0,181.0,3863.0,0.5627750453015791
OUT-0017,Western,Supermarket,233.0,399.0,595.0,1227.0,129.0,2804.0,0.5164051355206848
OUT-0406,Southern,Convenience,310.0,557.0,712.0,1579.0,233.0,5559.0,0.6740420939017809
OUT-0667,North Western,Supermarket,338.0,504.0,759.0,1601.0,141.0,3615.0,0.5181189488243431
OUT-0141,Central,Convenience,238.0,413.0,552.0,1203.0,173.0,3896.0,0.6468172484599589
OUT-0649,Central,Supermarket,296.0,443.0,661.0,1400.0,143.0,3385.0,0.544165435745938
OUT-0582,Central,Supermarket,238.0,403.0,483.0,1124.0,118.0,2841.0,0.5628299894403379
OUT-0820,Central,Supermarket,184.0,310.0,382.0,876.0,72.0,2567.0,0.6306973120373978
OUT-0776,Western,Supermarket,319.0,581.0,729.0,1629.0,154.0,3328.0,0.46424278846153844
OUT-0255,Western,Supermarket,199.0,258.0,452.0,909.0,64.0,2217.0,0.5611186287776274
OUT-1058,North Western,Convenience,156.0,263.0,368.0,787.0,56.0,2140.0,0.6060747663551402
OUT-0764,Western,Supermarket,134.0,252.0,352.0,738.0,80.0,1955.0,0.5815856777493607
OUT-0960,Central,Convenience,255.0,418.0,558.0,1231.0,203.0,4672.0,0.6930650684931506
OUT-0947,Central,Wholesale,307.0,454.0,647.0,1408.0,178.0,4212.0,0.6234567901234568
OUT-0484,Western,Convenience,223.0,294.0,412.0,929.0,125.0,2858.0,0.6312106368089573
OUT-0153,North Western,Convenience,151.0,241.0,365.0,757.0,38.0,875.0,0.09142857142857143
OUT-0208,Western,Convenience,307.0,473.0,585.0,1365.0,124.0,2383.0,0.3751573646663869
OUT-0404,Southern,Convenience,151.0,278.0,276.0,705.0,47.0,1108.0,0.3212996389891697
OUT-0979,Western,Wholesale,308.0,444.0,482.0,1234.0,146.0,3152.0,0.5621827411167513
OUT-1086,Western,Supermarket,331.0,481.0,668.0,1480.0,164.0,4167.0,0.605471562275018
OUT-1061,Southern,Convenience,338.0,644.0,869.0,1851.0,153.0,3832.0,0.477035490605428
OUT-0819,Central,Supermarket,277.0,413.0,627.0,1317.0,179.0,3500.0,0.5725714285714286
OUT-0019,Central,Supermarket,313.0,472.0,727.0,1512.0,158.0,3631.0,0.5400716056182869
OUT-0680,Western,Supermarket,182.0,317.0,432.0,931.0,108.0,2193.0,0.5262197902416781
OUT-0786,Southern,Supermarket,251.0,336.0,481.0,1068.0,86.0,2173.0,0.4689369535204786
OUT-0646,Sabaragamuwa,Convenience,355.0,548.0,728.0,1631.0,192.0,4080.0,0.553186274509804
OUT-0408,North Western,Supermarket,326.0,535.0,738.0,1599.0,176.0,4851.0,0.6340960626674912
OUT-0607,Western,Supermarket,329.0,560.0,789.0,1678.0,199.0,4189.0,0.5519216996896634
OUT-1019,Western,Convenience,93.0,254.0,284.0,631.0,35.0,1087.0,0.3873045078196872
OUT-0495,Western,Wholesale,333.0,490.0,725.0,1548.0,138.0,2979.0,0.4340382678751259
OUT-0352,Western,Supermarket,167.0,255.0,342.0,764.0,93.0,2999.0,0.7142380793597866
OUT-0966,Southern,Supermarket,263.0,370.0,586.0,1219.0,96.0,2634.0,0.5007593014426728
OUT-0114,Central,Supermarket,298.0,422.0,608.0,1328.0,153.0,3189.0,0.5355910943869552
OUT-0351,Central,Convenience,242.0,427.0,515.0,1184.0,182.0,4582.0,0.7018769096464426
OUT-0100,North Western,Wholesale,353.0,536.0,813.0,1702.0,208.0,4804.0,0.6024146544546212
OUT-0679,Western,Wholesale,171.0,214.0,289.0,674.0,124.0,1961.0,0.5930647628760837
OUT-1009,Sabaragamuwa,Wholesale,297.0,433.0,679.0,1409.0,161.0,3257.0,0.5179613140927234
OUT-0103,Western,Supermarket,170.0,279.0,406.0,855.0,74.0,2249.0,0.5869275233437083
OUT-1147,North Western,Supermarket,325.0,498.0,697.0,1520.0,201.0,4029.0,0.5728468602630926
OUT-1191,Western,Wholesale,209.0,390.0,581.0,1180.0,116.0,3540.0,0.6338983050847458
OUT-1035,Southern,Supermarket,221.0,300.0,540.0,1061.0,100.0,2562.0,0.5468384074941453
OUT-0798,Western,Supermarket,149.0,266.0,362.0,777.0,134.0,2774.0,0.6715933669790916
OUT-0051,Western,Wholesale,117.0,296.0,294.0,707.0,88.0,1817.0,0.5624656026417171
OUT-0132,Central,Supermarket,370.0,616.0,748.0,1734.0,189.0,4714.0,0.5920661858294443
OUT-0370,North Western,Convenience,323.0,531.0,808.0,1662.0,157.0,3098.0,0.41284699806326663
OUT-0272,Central,Wholesale,162.0,288.0,365.0,815.0,48.0,1476.0,0.4153116531165312
OUT-0523,Southern,Supermarket,148.0,261.0,309.0,718.0,57.0,1631.0,0.5248313917841815
OUT-0759,Western,Convenience,94.0,224.0,223.0,541.0,44.0,1129.0,0.4818423383525244
OUT-0867,Southern,Convenience,364.0,518.0,744.0,1626.0,138.0,3362.0,0.47531231409875074
OUT-0159,Central,Supermarket,303.0,469.0,705.0,1477.0,166.0,4177.0,0.6066554943739526
OUT-0825,Southern,Convenience,315.0,509.0,664.0,1488.0,174.0,3400.0,0.5111764705882353
OUT-0021,North Western,Wholesale,311.0,507.0,697.0,1515.0,168.0,2929.0,0.42540116080573576
OUT-0785,Central,Convenience,351.0,628.0,830.0,1809.0,207.0,4651.0,0.5665448290690174
OUT-0561,Sabaragamuwa,Supermarket,164.0,200.0,333.0,697.0,68.0,1901.0,0.5975802209363493
OUT-1005,Southern,Convenience,265.0,446.0,639.0,1350.0,146.0,4340.0,0.6552995391705069
OUT-0361,Central,Convenience,346.0,540.0,784.0,1670.0,181.0,4271.0,0.5666120346523063
OUT-0669,Sabaragamuwa,Wholesale,172.0,269.0,385.0,826.0,75.0,1832.0,0.5081877729257642
OUT-1118,Central,Supermarket,320.0,525.0,707.0,1552.0,163.0,4206.0,0.5922491678554446
OUT-0838,Central,Supermarket,355.0,610.0,794.0,1759.0,229.0,5381.0,0.6305519420182122
OUT-1099,North Western,Convenience,340.0,492.0,766.0,1598.0,159.0,4011.0,0.5619546247818499
OUT-0757,Central,Convenience,181.0,326.0,414.0,921.0,119.0,3337.0,0.6883428228948157
OUT-0861,Western,Convenience,280.0,488.0,635.0,1403.0,153.0,3673.0,0.5763680914783555
OUT-0431,Western,Convenience,361.0,586.0,805.0,1752.0,222.0,5593.0,0.6470588235294118
OUT-1038,Central,Supermarket,219.0,371.0,488.0,1078.0,84.0,1948.0,0.40349075975359344
OUT-0626,North Western,Supermarket,244.0,388.0,573.0,1205.0,110.0,2787.0,0.5281664872622892
OUT-1174,Central,Supermarket,326.0,476.0,718.0,1520.0,182.0,3161.0,0.4615627965833597
OUT-0318,Central,Supermarket,304.0,452.0,700.0,1456.0,142.0,4400.0,0.6368181818181818
OUT-0024,Western,Supermarket,352.0,560.0,770.0,1682.0,187.0,4084.0,0.5423604309500489
OUT-0617,Western,Supermarket,325.0,482.0,728.0,1535.0,192.0,3526.0,0.5102098695405559
OUT-0189,Western,Supermarket,282.0,471.0,671.0,1424.0,163.0,3293.0,0.518068630428181
OUT-1040,Central,Supermarket,164.0,265.0,349.0,778.0,98.0,2267.0,0.6135862373180415
OUT-0687,Sabaragamuwa,Convenience,213.0,381.0,483.0,1077.0,112.0,3046.0,0.6096520026263953
OUT-1164,Western,Supermarket,192.0,215.0,308.0,715.0,135.0,2023.0,0.5798319327731093
OUT-1071,Southern,Convenience,322.0,498.0,764.0,1584.0,180.0,3927.0,0.5508021390374331
OUT-0008,Western,Convenience,280.0,492.0,732.0,1504.0,112.0,3036.0,0.46772068511198944
OUT-0584,Western,Wholesale,227.0,356.0,561.0,1144.0,145.0,3941.0,0.6729256533874651
OUT-0570,Western,Supermarket,227.0,430.0,558.0,1215.0,171.0,4351.0,0.6814525396460583
OUT-0709,Central,Supermarket,218.0,316.0,519.0,1053.0,130.0,2559.0,0.5377100429855413
OUT-0216,Western,Supermarket,336.0,518.0,599.0,1453.0,148.0,3105.0,0.48438003220611914
OUT-0110,Western,Wholesale,355.0,561.0,689.0,1605.0,161.0,3919.0,0.549374840520541
OUT-0220,Western,Supermarket,217.0,353.0,534.0,1104.0,155.0,3292.0,0.6175577156743621
OUT-0380,North Western,Convenience,302.0,426.0,697.0,1425.0,186.0,3804.0,0.5764984227129337
OUT-1015,Southern,Supermarket,218.0,295.0,430.0,943.0,134.0,3161.0,0.6592850363808921
OUT-0204,Western,Supermarket,183.0,255.0,354.0,792.0,52.0,604.0,-0.3973509933774834
OUT-1043,Western,Convenience,276.0,466.0,584.0,1326.0,130.0,2549.0,0.4287956061200471
OUT-0813,Southern,Convenience,332.0,605.0,758.0,1695.0,210.0,4350.0,0.5620689655172414
OUT-0028,Sabaragamuwa,Convenience,151.0,222.0,334.0,707.0,8.0,1217.0,0.41248972884141333
OUT-0231,Western,Convenience,118.0,196.0,275.0,589.0,85.0,1861.0,0.6378291241268136
OUT-0790,Sabaragamuwa,Supermarket,258.0,421.0,537.0,1216.0,129.0,3311.0,0.5937783147085473
OUT-0053,North Western,Supermarket,282.0,478.0,749.0,1509.0,212.0,4962.0,0.6531640467553406
OUT-1020,Sabaragamuwa,Supermarket,213.0,346.0,561.0,1120.0,110.0,2262.0,0.4562334217506631
OUT-0682,Central,Convenience,130.0,255.0,368.0,753.0,69.0,1876.0,0.5618336886993603
OUT-0695,Western,Supermarket,357.0,529.0,831.0,1717.0,202.0,4934.0,0.6110660721524118
OUT-0075,Western,Convenience,147.0,236.0,298.0,681.0,90.0,1858.0,0.5850376749192681
OUT-0468,Western,Supermarket,340.0,588.0,770.0,1698.0,158.0,3887.0,0.5225109338821713
OUT-0047,Western,Supermarket,235.0,314.0,501.0,1050.0,113.0,3161.0,0.6320784561847517
OUT-0197,Western,Convenience,263.0,434.0,577.0,1274.0,129.0,3224.0,0.5648263027295285
OUT-0842,Western,Wholesale,343.0,493.0,757.0,1593.0,144.0,3358.0,0.48272781417510424
OUT-0535,Southern,Convenience,88.0,165.0,279.0,532.0,70.0,1934.0,0.688728024819028
OUT-1178,Western,Supermarket,209.0,342.0,459.0,1010.0,76.0,2442.0,0.5552825552825553
OUT-0127,North Western,Convenience,207.0,339.0,471.0,1017.0,116.0,2849.0,0.6023166023166023
OUT-0677,Western,Convenience,339.0,585.0,775.0,1699.0,189.0,4518.0,0.582115980522355
OUT-0987,North Western,Convenience,205.0,323.0,488.0,1016.0,114.0,3383.0,0.6659769435412356
OUT-0065,Sabaragamuwa,Supermarket,291.0,438.0,664.0,1393.0,177.0,4273.0,0.6325766440439972
OUT-0373,Western,Supermarket,227.0,304.0,509.0,1040.0,118.0,2954.0,0.6079891672308734
OUT-0949,Southern,Supermarket,359.0,529.0,802.0,1690.0,192.0,4612.0,0.5919340849956635
OUT-0788,Central,Convenience,205.0,287.0,390.0,882.0,98.0,2348.0,0.5826235093696763
OUT-1008,Western,Supermarket,179.0,269.0,502.0,950.0,115.0,3254.0,0.6727105101413645
OUT-0734,Central,Supermarket,226.0,320.0,447.0,993.0,125.0,2719.0,0.5888194189040088
OUT-0334,Central,Supermarket,314.0,533.0,815.0,1662.0,232.0,5019.0,0.6226339908348276
OUT-0591,Western,Supermarket,376.0,495.0,753.0,1624.0,191.0,4049.0,0.5517411706594221
OUT-1051,Central,Wholesale,271.0,421.0,612.0,1304.0,170.0,3845.0,0.6166449934980495
OUT-0377,North Western,Wholesale,351.0,535.0,790.0,1676.0,189.0,4203.0,0.556269331429931
OUT-1165,Western,Convenience,160.0,200.0,351.0,711.0,90.0,1888.0,0.5757415254237288
OUT-0063,Central,Convenience,277.0,470.0,577.0,1324.0,128.0,3160.0,0.540506329113924
OUT-0219,Sabaragamuwa,Convenience,347.0,553.0,743.0,1643.0,154.0,2980.0,0.3969798657718121
OUT-0908,Western,Supermarket,120.0,220.0,288.0,628.0,80.0,2416.0,0.706953642384106
OUT-0831,Southern,Convenience,276.0,425.0,555.0,1256.0,155.0,3546.0,0.6020868584320361
OUT-1160,North Western,Supermarket,315.0,450.0,680.0,1445.0,142.0,3550.0,0.5529577464788732
OUT-0276,Southern,Convenience,242.0,326.0,471.0,1039.0,88.0,2128.0,0.47039473684210525
OUT-0771,Sabaragamuwa,Supermarket,154.0,267.0,415.0,836.0,98.0,2604.0,0.641321044546851
OUT-0968,Sabaragamuwa,Supermarket,208.0,249.0,359.0,816.0,80.0,2388.0,0.6247906197654941
OUT-0862,Southern,Supermarket,275.0,460.0,699.0,1434.0,190.0,4624.0,0.6487889273356401
OUT-0577,Sabaragamuwa,Convenience,341.0,594.0,765.0,1700.0,193.0,3781.0,0.4993387992594552
OUT-0850,North Western,Wholesale,362.0,540.0,770.0,1672.0,228.0,4509.0,0.5786205367043691
OUT-1037,Central,Supermarket,195.0,333.0,479.0,1007.0,95.0,1869.0,0.41037988228999467
OUT-0236,Western,Convenience,295.0,535.0,709.0,1539.0,154.0,3712.0,0.5439116379310345
OUT-0910,Western,Supermarket,189.0,292.0,458.0,939.0,92.0,2287.0,0.5491910800174902
OUT-0793,Western,Convenience,218.0,387.0,469.0,1074.0,107.0,2480.0,0.5237903225806452
OUT-0939,Central,Wholesale,332.0,569.0,711.0,1612.0,200.0,4158.0,0.5642135642135642
OUT-0391,Western,Supermarket,253.0,469.0,617.0,1339.0,163.0,4286.0,0.649556696220252
OUT-0101,Western,Supermarket,348.0,528.0,763.0,1639.0,169.0,4580.0,0.605240174672489
OUT-0712,Southern,Convenience,253.0,430.0,622.0,1305.0,131.0,2920.0,0.5082191780821917
OUT-0183,Western,Convenience,257.0,383.0,483.0,1123.0,162.0,3364.0,0.6180142687277052
OUT-0333,Central,Supermarket,302.0,476.0,594.0,1372.0,181.0,3525.0,0.5594326241134752
OUT-0884,Western,Convenience,248.0,334.0,521.0,1103.0,105.0,1625.0,0.25661538461538463
OUT-1109,Sabaragamuwa,Wholesale,384.0,614.0,844.0,1842.0,124.0,4520.0,0.5650442477876106
OUT-0830,Southern,Supermarket,203.0,253.0,362.0,818.0,101.0,3161.0,0.7092692186017083
OUT-0943,Western,Convenience,193.0,270.0,387.0,850.0,104.0,2092.0,0.5439770554493308
OUT-0760,Western,Supermarket,259.0,384.0,521.0,1164.0,141.0,2715.0,0.5193370165745856
OUT-0259,Sabaragamuwa,Supermarket,145.0,255.0,290.0,690.0,56.0,1633.0,0.5431720759338641
OUT-0139,Central,Supermarket,330.0,526.0,669.0,1525.0,171.0,3712.0,0.5431034482758621
OUT-0435,Western,Supermarket,162.0,217.0,252.0,631.0,48.0,1074.0,0.36778398510242083
OUT-0918,Central,Wholesale,162.0,262.0,331.0,755.0,117.0,2550.0,0.6580392156862745
OUT-0579,Southern,Convenience,344.0,525.0,749.0,1618.0,183.0,4426.0,0.5930863081789426
OUT-1114,Western,Convenience,393.0,551.0,816.0,1760.0,178.0,4039.0,0.5201782619460262
OUT-1135,North Western,Convenience,356.0,568.0,852.0,1776.0,208.0,4590.0,0.5677559912854031
OUT-0603,Southern,Supermarket,323.0,585.0,722.0,1630.0,176.0,4507.0,0.5992899933436876
OUT-0041,Sabaragamuwa,Convenience,217.0,335.0,506.0,1058.0,109.0,1541.0,0.2426995457495133
OUT-1012,Western,Supermarket,272.0,407.0,610.0,1289.0,150.0,2749.0,0.476536922517279
OUT-0917,Southern,Convenience,146.0,262.0,304.0,712.0,54.0,957.0,0.19958202716823406
OUT-0073,Southern,Supermarket,336.0,498.0,728.0,1562.0,136.0,3270.0,0.48073394495412847
OUT-0451,Western,Supermarket,117.0,202.0,286.0,605.0,73.0,1244.0,0.454983922829582
OUT-0620,Western,Wholesale,111.0,209.0,372.0,692.0,69.0,1993.0,0.6181635725037632
OUT-0563,Sabaragamuwa,Convenience,314.0,544.0,774.0,1632.0,224.0,5181.0,0.6417679984558965
OUT-0085,Sabaragamuwa,Supermarket,122.0,216.0,323.0,661.0,42.0,1701.0,0.586713697824809
OUT-0033,Central,Wholesale,178.0,303.0,423.0,904.0,111.0,2708.0,0.6251846381093058
OUT-0309,North Western,Supermarket,187.0,278.0,386.0,851.0,136.0,3198.0,0.6913696060037523
OUT-0978,Central,Supermarket,214.0,366.0,493.0,1073.0,139.0,2395.0,0.4939457202505219
OUT-0946,Sabaragamuwa,Convenience,186.0,270.0,418.0,874.0,74.0,2899.0,0.6729906864436013
OUT-1117,Southern,Wholesale,179.0,226.0,398.0,803.0,100.0,2858.0,0.6840447865640308
OUT-0891,Sabaragamuwa,Convenience,213.0,310.0,471.0,994.0,93.0,2225.0,0.5114606741573033
OUT-0192,Western,Supermarket,190.0,271.0,372.0,833.0,136.0,3780.0,0.7436507936507937
OUT-0707,Central,Convenience,337.0,525.0,653.0,1515.0,165.0,3758.0,0.5529536987759447
OUT-1110,Western,Convenience,187.0,277.0,370.0,834.0,84.0,2171.0,0.5771533855366191
OUT-0516,Western,Wholesale,158.0,265.0,333.0,756.0,124.0,2656.0,0.6686746987951807
OUT-0369,Central,Supermarket,224.0,366.0,458.0,1048.0,104.0,2496.0,0.5384615384615384
OUT-0278,North Western,Wholesale,254.0,384.0,538.0,1176.0,111.0,2760.0,0.533695652173913
OUT-0481,Western,Wholesale,193.0,329.0,448.0,970.0,138.0,3104.0,0.6430412371134021
OUT-0804,Southern,Convenience,268.0,405.0,585.0,1258.0,116.0,2880.0,0.5229166666666667
OUT-0454,Southern,Wholesale,128.0,276.0,392.0,796.0,107.0,2446.0,0.6308258381030254
OUT-0071,Western,Convenience,181.0,264.0,370.0,815.0,51.0,1500.0,0.4226666666666667
OUT-0611,North Western,Convenience,282.0,409.0,526.0,1217.0,138.0,3053.0,0.5561742548313134
OUT-0879,Western,Supermarket,312.0,435.0,599.0,1346.0,160.0,3933.0,0.6170861937452327
OUT-0852,Sabaragamuwa,Supermarket,173.0,278.0,333.0,784.0,76.0,2014.0,0.5729890764647467
OUT-0980,Central,Convenience,175.0,282.0,322.0,779.0,97.0,2467.0,0.6449128496149169
OUT-1091,Western,Supermarket,201.0,322.0,397.0,920.0,72.0,2350.0,0.5778723404255319
OUT-0540,Western,Supermarket,284.0,504.0,803.0,1591.0,204.0,4777.0,0.6242411555369479
OUT-0133,Central,Supermarket,235.0,413.0,556.0,1204.0,154.0,3853.0,0.6475473656890735
OUT-0223,Western,Supermarket,312.0,452.0,618.0,1382.0,161.0,3773.0,0.5910416114497747
OUT-0281,Western,Convenience,128.0,243.0,283.0,654.0,15.0,1539.0,0.5653021442495126
OUT-0268,North Western,Wholesale,140.0,219.0,428.0,787.0,96.0,2647.0,0.6664148092179826
OUT-0998,Southern,Supermarket,102.0,123.0,227.0,452.0,68.0,2341.0,0.7778727039726613
OUT-0082,Central,Convenience,224.0,420.0,426.0,1070.0,134.0,3060.0,0.6065359477124183
OUT-0660,North Western,Wholesale,233.0,322.0,432.0,987.0,112.0,2834.0,0.6122088920254057
OUT-0616,Western,Supermarket,334.0,542.0,640.0,1516.0,185.0,4330.0,0.6071593533487298
OUT-0116,North Western,Supermarket,332.0,519.0,744.0,1595.0,157.0,3189.0,0.4506114769520226
OUT-1194,Western,Convenience,372.0,586.0,842.0,1800.0,216.0,4892.0,0.5878986099754702
OUT-0429,Western,Wholesale,131.0,186.0,275.0,592.0,71.0,1958.0,0.6613891726251276
OUT-0914,Western,Supermarket,369.0,519.0,793.0,1681.0,208.0,4418.0,0.5724309642372114
OUT-0209,North Western,Convenience,159.0,275.0,341.0,775.0,95.0,2177.0,0.600367478180983
OUT-0345,Central,Supermarket,357.0,506.0,657.0,1520.0,164.0,4291.0,0.6075506874854346
OUT-0330,Western,Wholesale,171.0,290.0,376.0,837.0,97.0,2150.0,0.5655813953488372
OUT-1082,Sabaragamuwa,Convenience,338.0,540.0,739.0,1617.0,205.0,4573.0,0.6015744587797944
OUT-0015,Southern,Convenience,239.0,363.0,529.0,1131.0,119.0,2666.0,0.5311327831957989
OUT-0873,Western,Wholesale,358.0,606.0,793.0,1757.0,209.0,4792.0,0.5897328881469115
OUT-0426,Central,Supermarket,313.0,492.0,673.0,1478.0,150.0,3723.0,0.5627182379801235
OUT-0510,North Western,Convenience,158.0,178.0,377.0,713.0,85.0,1721.0,0.536316095293434
OUT-0566,North Western,Supermarket,290.0,444.0,596.0,1330.0,166.0,2846.0,0.47434996486296555
OUT-0770,Western,Convenience,302.0,415.0,647.0,1364.0,150.0,2980.0,0.4919463087248322
OUT-1094,North Western,Supermarket,190.0,261.0,404.0,855.0,92.0,2074.0,0.5433944069431051
OUT-0698,North Western,Wholesale,247.0,426.0,635.0,1308.0,138.0,4206.0,0.6562054208273894
OUT-1048,Western,Supermarket,336.0,439.0,776.0,1551.0,180.0,3852.0,0.5506230529595015
OUT-1190,Western,Supermarket,289.0,398.0,568.0,1255.0,160.0,3651.0,0.6124349493289509
OUT-0983,North Western,Supermarket,288.0,488.0,568.0,1344.0,124.0,3816.0,0.6153039832285115
OUT-1017,North Western,Convenience,333.0,462.0,625.0,1420.0,149.0,4127.0,0.6198206929973347
OUT-0530,Western,Supermarket,188.0,291.0,384.0,863.0,154.0,3272.0,0.6891809290953546
OUT-0007,Western,Convenience,289.0,458.0,716.0,1463.0,171.0,4057.0,0.5972393394133596
OUT-0581,North Western,Wholesale,259.0,380.0,595.0,1234.0,127.0,2896.0,0.5300414364640884
OUT-1126,Central,Wholesale,228.0,399.0,544.0,1171.0,131.0,3074.0,0.5764476252439817
OUT-0368,Southern,Supermarket,295.0,416.0,666.0,1377.0,154.0,3634.0,0.5787011557512383
OUT-0221,Western,Supermarket,161.0,318.0,499.0,978.0,135.0,2360.0,0.5283898305084745
OUT-0589,Western,Supermarket,155.0,253.0,379.0,787.0,105.0,2365.0,0.6228329809725158
OUT-1138,North Western,Supermarket,209.0,392.0,476.0,1077.0,110.0,2197.0,0.4597177969959035
OUT-0376,North Western,Supermarket,188.0,283.0,398.0,869.0,87.0,2231.0,0.5714926042133572
OUT-0670,Southern,Supermarket,231.0,358.0,543.0,1132.0,137.0,2657.0,0.5223936770794129
OUT-0765,Western,Wholesale,369.0,531.0,799.0,1699.0,185.0,4940.0,0.6186234817813765
OUT-0027,Sabaragamuwa,Convenience,268.0,316.0,518.0,1102.0,86.0,1525.0,0.22098360655737706
OUT-1199,Western,Convenience,186.0,265.0,431.0,882.0,133.0,2805.0,0.6381461675579323
OUT-1176,Western,Supermarket,326.0,462.0,678.0,1466.0,179.0,4180.0,0.6064593301435407
OUT-0473,Central,Wholesale,115.0,248.0,411.0,774.0,53.0,1966.0,0.5793489318413021
OUT-0807,North Western,Convenience,290.0,491.0,586.0,1367.0,176.0,4115.0,0.6250303766707169
OUT-1157,Central,Supermarket,142.0,186.0,175.0,503.0,57.0,1769.0,0.6834369700395704
OUT-1181,Sabaragamuwa,Supermarket,326.0,477.0,674.0,1477.0,192.0,4154.0,0.5982185844968705
OUT-0954,Central,Supermarket,163.0,231.0,340.0,734.0,69.0,1699.0,0.5273690406121248
OUT-0806,Western,Convenience,172.0,209.0,366.0,747.0,80.0,1509.0,0.45195493704440026
OUT-1167,Sabaragamuwa,Convenience,309.0,557.0,715.0,1581.0,188.0,4235.0,0.5822904368358914
OUT-0658,Sabaragamuwa,Supermarket,211.0,346.0,446.0,1003.0,73.0,1656.0,0.3502415458937198
OUT-0233,Western,Convenience,376.0,605.0,736.0,1717.0,189.0,4641.0,0.5893126481361776
OUT-1156,Sabaragamuwa,Supermarket,132.0,230.0,299.0,661.0,58.0,1106.0,0.3499095840867993
OUT-1007,Western,Convenience,335.0,546.0,774.0,1655.0,217.0,4812.0,0.6109725685785536
OUT-0029,Western,Convenience,154.0,200.0,415.0,769.0,94.0,2369.0,0.6357112705783031
OUT-0743,Western,Supermarket,338.0,550.0,755.0,1643.0,171.0,3803.0,0.5230081514593742
OUT-0880,North Western,Supermarket,251.0,424.0,544.0,1219.0,179.0,3862.0,0.6380113930605904
OUT-0549,Central,Convenience,323.0,486.0,658.0,1467.0,177.0,4146.0,0.6034732272069464
OUT-0944,Western,Supermarket,203.0,370.0,449.0,1022.0,125.0,2927.0,0.6081311923471131
OUT-0152,Western,Supermarket,383.0,526.0,729.0,1638.0,189.0,4827.0,0.6215040397762586
OUT-0289,Central,Supermarket,250.0,430.0,498.0,1178.0,156.0,3877.0,0.655919525406242
OUT-0722,Southern,Wholesale,234.0,378.0,568.0,1180.0,136.0,2521.0,0.47798492661642206
OUT-0892,Southern,Supermarket,372.0,576.0,895.0,1843.0,192.0,4440.0,0.5416666666666666
OUT-0715,Central,Convenience,347.0,464.0,686.0,1497.0,190.0,4422.0,0.6184984170058797
OUT-0624,North Western,Supermarket,205.0,415.0,504.0,1124.0,118.0,2965.0,0.5811129848229343
OUT-0486,Western,Convenience,212.0,379.0,495.0,1086.0,97.0,3060.0,0.6133986928104576
OUT-0479,Southern,Supermarket,232.0,454.0,614.0,1300.0,166.0,4192.0,0.6502862595419847
OUT-0927,Southern,Convenience,164.0,243.0,416.0,823.0,118.0,2291.0,0.5892623308598866
OUT-0482,Western,Supermarket,176.0,243.0,372.0,791.0,90.0,2879.0,0.6939909690864884
OUT-0996,Western,Supermarket,215.0,364.0,453.0,1032.0,44.0,1549.0,0.3053582956746288
OUT-0079,Western,Wholesale,294.0,380.0,567.0,1241.0,103.0,2170.0,0.38064516129032255
OUT-0560,Southern,Convenience,283.0,364.0,549.0,1196.0,109.0,2983.0,0.5625209520616828
OUT-0992,Southern,Supermarket,321.0,409.0,746.0,1476.0,171.0,3882.0,0.5757341576506955
OUT-0639,Central,Supermarket,309.0,549.0,715.0,1573.0,140.0,3699.0,0.5369018653690186
OUT-1042,Western,Convenience,282.0,416.0,641.0,1339.0,145.0,3675.0,0.5961904761904762
OUT-0016,Western,Convenience,186.0,273.0,330.0,789.0,89.0,1675.0,0.47582089552238804
OUT-0505,Central,Supermarket,257.0,394.0,546.0,1197.0,148.0,4362.0,0.6916552040348464
OUT-0814,Sabaragamuwa,Supermarket,272.0,423.0,581.0,1276.0,131.0,3112.0,0.547879177377892
OUT-0284,Western,Wholesale,213.0,270.0,506.0,989.0,69.0,1810.0,0.4154696132596685
OUT-0077,Central,Supermarket,220.0,304.0,359.0,883.0,102.0,3278.0,0.6995118974984746
OUT-0690,Central,Convenience,270.0,399.0,488.0,1157.0,112.0,2363.0,0.46297079983072364
OUT-0477,Sabaragamuwa,Convenience,198.0,351.0,501.0,1050.0,137.0,3351.0,0.645777379886601
OUT-0575,North Western,Supermarket,318.0,514.0,698.0,1530.0,187.0,4094.0,0.5806057645334636
OUT-1137,Western,Supermarket,226.0,362.0,548.0,1136.0,124.0,3430.0,0.6326530612244898
OUT-0663,North Western,Supermarket,184.0,280.0,377.0,841.0,68.0,2094.0,0.5659025787965616
OUT-0286,Sabaragamuwa,Wholesale,213.0,418.0,459.0,1090.0,139.0,3265.0,0.623583460949464
OUT-1107,Western,Supermarket,157.0,188.0,218.0,563.0,76.0,1961.0,0.6741458439571647
OUT-0038,Central,Supermarket,230.0,402.0,621.0,1253.0,137.0,3211.0,0.5671130488944254
OUT-0573,Sabaragamuwa,Supermarket,214.0,328.0,584.0,1126.0,143.0,2812.0,0.548719772403983
OUT-0694,North Western,Supermarket,223.0,302.0,484.0,1009.0,131.0,2919.0,0.6094552929085303
OUT-0533,Central,Convenience,208.0,367.0,497.0,1072.0,96.0,2460.0,0.5252032520325203
OUT-0489,Sabaragamuwa,Supermarket,275.0,452.0,596.0,1323.0,177.0,3787.0,0.6039081066807499
OUT-0945,Central,Convenience,217.0,336.0,473.0,1026.0,125.0,2934.0,0.6077027948193592
OUT-0120,Central,Supermarket,294.0,434.0,593.0,1321.0,141.0,2914.0,0.4982841455044612
OUT-0135,Central,Convenience,246.0,405.0,548.0,1199.0,149.0,3773.0,0.6427246223164591
OUT-0106,Central,Supermarket,313.0,471.0,667.0,1451.0,162.0,3374.0,0.521932424422051
OUT-0685,Central,Wholesale,272.0,463.0,590.0,1325.0,177.0,3544.0,0.5761851015801355
OUT-0730,Central,Convenience,207.0,369.0,599.0,1175.0,119.0,3137.0,0.5875039846987568
OUT-0647,Southern,Convenience,82.0,253.0,259.0,594.0,73.0,895.0,0.2547486033519553
OUT-0126,Western,Convenience,261.0,382.0,589.0,1232.0,154.0,3231.0,0.5710306406685237
OUT-1171,Central,Wholesale,210.0,356.0,463.0,1029.0,78.0,2030.0,0.454679802955665
OUT-0464,Southern,Convenience,228.0,359.0,451.0,1038.0,93.0,3060.0,0.6303921568627451
OUT-0721,Central,Convenience,209.0,376.0,529.0,1114.0,148.0,3229.0,0.609166924744503
OUT-0625,Central,Convenience,372.0,581.0,780.0,1733.0,178.0,3905.0,0.5106274007682459
OUT-0655,Western,Convenience,345.0,536.0,807.0,1688.0,175.0,4498.0,0.5858159181858604
OUT-0385,Western,Convenience,226.0,330.0,466.0,1022.0,110.0,2916.0,0.6117969821673526
OUT-0162,Central,Supermarket,370.0,570.0,830.0,1770.0,214.0,4196.0,0.5271687321258341
OUT-0822,Western,Convenience,264.0,384.0,577.0,1225.0,146.0,2940.0,0.5336734693877551
OUT-0490,Southern,Wholesale,255.0,418.0,554.0,1227.0,171.0,3887.0,0.640339593516851
OUT-0553,Central,Supermarket,154.0,301.0,403.0,858.0,98.0,1954.0,0.510747185261003
OUT-0374,Western,Supermarket,165.0,304.0,452.0,921.0,111.0,2115.0,0.5120567375886524
OUT-0442,Western,Convenience,186.0,250.0,331.0,767.0,73.0,2258.0,0.6279893711248893
OUT-0567,Central,Convenience,310.0,469.0,728.0,1507.0,176.0,3884.0,0.5666838311019567
OUT-0714,Southern,Supermarket,384.0,497.0,757.0,1638.0,202.0,4332.0,0.5752539242843951
OUT-0860,Sabaragamuwa,Convenience,249.0,340.0,520.0,1109.0,94.0,2866.0,0.5802512212142359
OUT-0375,Central,Convenience,141.0,317.0,347.0,805.0,65.0,2310.0,0.6233766233766234
OUT-0897,Southern,Convenience,161.0,299.0,428.0,888.0,104.0,2498.0,0.6028823058446757
OUT-0531,Western,Convenience,268.0,441.0,667.0,1376.0,158.0,3060.0,0.49869281045751634
OUT-0119,Central,Supermarket,189.0,363.0,505.0,1057.0,105.0,2749.0,0.5773008366678792
OUT-0632,Western,Supermarket,321.0,492.0,688.0,1501.0,190.0,4016.0,0.5789342629482072
OUT-0559,Central,Supermarket,255.0,383.0,548.0,1186.0,127.0,3442.0,0.6185357350377687
OUT-0969,North Western,Convenience,252.0,353.0,641.0,1246.0,167.0,3751.0,0.6233004532124766
OUT-0656,Central,Supermarket,202.0,267.0,437.0,906.0,80.0,1904.0,0.48214285714285715
OUT-0933,Western,Supermarket,239.0,359.0,465.0,1063.0,120.0,2890.0,0.5906574394463667
OUT-1198,Western,Convenience,265.0,450.0,741.0,1456.0,121.0,3171.0,0.5026805424156418
OUT-0637,Sabaragamuwa,Convenience,289.0,489.0,606.0,1384.0,147.0,3799.0,0.5969992103185049
OUT-0128,Southern,Wholesale,148.0,223.0,334.0,705.0,44.0,2979.0,0.7485733467606579
OUT-1072,Western,Supermarket,253.0,443.0,553.0,1249.0,101.0,2192.0,0.3841240875912409
OUT-0815,North Western,Wholesale,183.0,253.0,308.0,744.0,55.0,1170.0,0.3170940170940171
OUT-0654,Western,Supermarket,199.0,309.0,409.0,917.0,111.0,2618.0,0.6073338426279603
OUT-0400,Central,Supermarket,209.0,386.0,488.0,1083.0,124.0,2943.0,0.5898742779476724
OUT-0175,North Western,Supermarket,216.0,268.0,321.0,805.0,95.0,2261.0,0.6019460415745246
OUT-0321,Southern,Wholesale,366.0,509.0,744.0,1619.0,205.0,4628.0,0.6058772687986171
OUT-0991,Western,Wholesale,281.0,424.0,679.0,1384.0,127.0,3065.0,0.5070146818923328
OUT-0470,Southern,Convenience,248.0,360.0,567.0,1175.0,175.0,4381.0,0.6918511755307007
OUT-1021,Central,Supermarket,310.0,539.0,749.0,1598.0,185.0,3776.0,0.5278072033898306
OUT-1170,Central,Supermarket,143.0,232.0,218.0,593.0,68.0,1603.0,0.5876481597005615
OUT-0833,Western,Convenience,226.0,307.0,482.0,1015.0,109.0,2520.0,0.553968253968254
OUT-0080,Western,Convenience,307.0,518.0,674.0,1499.0,145.0,2983.0,0.4488769694937982
OUT-0534,Western,Supermarket,329.0,443.0,651.0,1423.0,148.0,3830.0,0.5898172323759792
OUT-0907,Central,Supermarket,238.0,413.0,548.0,1199.0,116.0,2826.0,0.5346779900920028
OUT-0458,Western,Convenience,236.0,376.0,529.0,1141.0,79.0,2485.0,0.5090543259557344
OUT-0291,North Western,Supermarket,359.0,517.0,731.0,1607.0,178.0,4165.0,0.5714285714285714
OUT-0371,Central,Convenience,352.0,489.0,703.0,1544.0,155.0,3064.0,0.44549608355091386
OUT-0962,Central,Supermarket,233.0,366.0,454.0,1053.0,123.0,2525.0,0.5342574257425743
OUT-0478,Central,Convenience,284.0,459.0,595.0,1338.0,129.0,3214.0,0.5435594275046671
OUT-0936,Southern,Convenience,203.0,272.0,352.0,827.0,45.0,970.0,0.10103092783505155
OUT-1062,North Western,Supermarket,278.0,439.0,616.0,1333.0,156.0,4146.0,0.640858658948384
OUT-0855,Southern,Convenience,185.0,332.0,390.0,907.0,87.0,2292.0,0.5663176265270506
OUT-0474,Western,Wholesale,173.0,245.0,330.0,748.0,82.0,2489.0,0.6665327440739253
OUT-0198,Western,Convenience,359.0,535.0,781.0,1675.0,197.0,4181.0,0.5522602248265965
OUT-0186,North Western,Supermarket,285.0,463.0,682.0,1430.0,171.0,4362.0,0.6329665291150848
OUT-0696,Central,Convenience,226.0,387.0,540.0,1153.0,153.0,2744.0,0.5240524781341108
OUT-0422,Western,Convenience,97.0,202.0,251.0,550.0,65.0,2481.0,0.7521160822249093
OUT-0452,Central,Supermarket,353.0,523.0,752.0,1628.0,169.0,3564.0,0.4957912457912458
OUT-0257,Central,Supermarket,321.0,492.0,756.0,1569.0,158.0,4305.0,0.5988385598141696
OUT-0136,Western,Convenience,106.0,229.0,219.0,554.0,49.0,1422.0,0.5759493670886076
OUT-0767,Southern,Supermarket,133.0,279.0,435.0,847.0,67.0,2237.0,0.591417076441663
OUT-0841,Central,Supermarket,95.0,202.0,259.0,556.0,55.0,1791.0,0.6588498045784478
OUT-0599,Western,Supermarket,355.0,585.0,833.0,1773.0,242.0,5373.0,0.6249767355294994
OUT-1075,Sabaragamuwa,Supermarket,317.0,518.0,720.0,1555.0,180.0,4503.0,0.6147013102376193
OUT-1116,North Western,Supermarket,98.0,213.0,251.0,562.0,91.0,2243.0,0.7088720463664735
OUT-1149,Western,Supermarket,271.0,363.0,578.0,1212.0,140.0,3700.0,0.6345945945945946
OUT-0050,Western,Supermarket,141.0,200.0,316.0,657.0,75.0,1929.0,0.6205287713841369
OUT-0921,North Western,Supermarket,165.0,203.0,312.0,680.0,47.0,1391.0,0.47735442127965494
OUT-1068,Southern,Supermarket,271.0,498.0,581.0,1350.0,160.0,4291.0,0.6481006758331391
OUT-0527,Southern,Convenience,351.0,545.0,889.0,1785.0,206.0,5012.0,0.6027533918595371
OUT-0800,Western,Supermarket,294.0,486.0,633.0,1413.0,130.0,3732.0,0.5865487674169346
OUT-0794,Central,Convenience,116.0,209.0,285.0,610.0,77.0,1458.0,0.5288065843621399
OUT-0463,Western,Supermarket,312.0,614.0,766.0,1692.0,195.0,4767.0,0.604153555695406
OUT-1057,Sabaragamuwa,Convenience,351.0,548.0,727.0,1626.0,180.0,4171.0,0.5670103092783505
OUT-0671,Southern,Supermarket,166.0,270.0,382.0,818.0,54.0,1693.0,0.4849379799173066
OUT-1065,Western,Convenience,244.0,365.0,409.0,1018.0,94.0,2314.0,0.5194468452895419
OUT-0469,Western,Supermarket,160.0,271.0,363.0,794.0,65.0,1750.0,0.5091428571428571
OUT-0034,Western,Convenience,195.0,328.0,442.0,965.0,128.0,3542.0,0.6914172783738001
OUT-0417,Central,Supermarket,180.0,284.0,349.0,813.0,61.0,1625.0,0.46215384615384614
OUT-0248,Central,Convenience,269.0,373.0,477.0,1119.0,88.0,2834.0,0.5741002117148906
OUT-0818,Central,Supermarket,244.0,357.0,572.0,1173.0,145.0,3303.0,0.6009688162276718
OUT-0809,Central,Convenience,250.0,415.0,497.0,1162.0,95.0,2520.0,0.5011904761904762
OUT-1106,Southern,Convenience,306.0,520.0,663.0,1489.0,213.0,4733.0,0.6403972110712022
OUT-0881,Western,Convenience,196.0,362.0,491.0,1049.0,140.0,3042.0,0.60913872452334
OUT-0217,North Western,Supermarket,178.0,210.0,344.0,732.0,87.0,2158.0,0.6204819277108434
OUT-0817,Western,Convenience,345.0,509.0,832.0,1686.0,193.0,4804.0,0.6088676103247294
OUT-0544,Central,Supermarket,375.0,581.0,868.0,1824.0,194.0,4498.0,0.5513561582925744
OUT-0494,Western,Supermarket,164.0,315.0,463.0,942.0,74.0,2153.0,0.5281003251277288
OUT-0465,North Western,Supermarket,273.0,369.0,576.0,1218.0,148.0,3860.0,0.6461139896373057
OUT-0392,Western,Wholesale,138.0,200.0,244.0,582.0,54.0,1462.0,0.5649794801641587
OUT-0439,North Western,Convenience,333.0,507.0,688.0,1528.0,144.0,3504.0,0.5228310502283106
OUT-0583,North Western,Wholesale,135.0,272.0,318.0,725.0,44.0,1441.0,0.46634281748785567
OUT-0970,Western,Supermarket,179.0,257.0,313.0,749.0,86.0,2210.0,0.6221719457013575
OUT-0327,Southern,Supermarket,310.0,470.0,662.0,1442.0,180.0,3815.0,0.5748361730013106
OUT-0713,Sabaragamuwa,Convenience,340.0,510.0,748.0,1598.0,155.0,3657.0,0.5206453377085042
OUT-0466,Western,Convenience,318.0,534.0,660.0,1512.0,151.0,3060.0,0.4565359477124183
OUT-0554,Southern,Convenience,338.0,598.0,808.0,1744.0,218.0,4462.0,0.5602868668758404
OUT-0062,Central,Wholesale,249.0,405.0,603.0,1257.0,110.0,2991.0,0.5429622199933133
OUT-0419,Central,Supermarket,181.0,278.0,353.0,812.0,83.0,2401.0,0.6272386505622657
OUT-0896,Central,Convenience,320.0,527.0,763.0,1610.0,188.0,4425.0,0.5936723163841808
OUT-0539,Western,Supermarket,165.0,280.0,318.0,763.0,101.0,3450.0,0.7495652173913043
OUT-0156,Central,Supermarket,313.0,405.0,647.0,1365.0,175.0,3161.0,0.51281240113888
OUT-0994,Southern,Supermarket,157.0,255.0,394.0,806.0,82.0,2341.0,0.6206749252456215
OUT-0083,Southern,Supermarket,317.0,499.0,773.0,1589.0,195.0,3161.0,0.43562163872192344
OUT-0645,Sabaragamuwa,Convenience,278.0,426.0,653.0,1357.0,123.0,3301.0,0.5516510148439867
OUT-0367,Central,Supermarket,326.0,461.0,652.0,1439.0,148.0,4056.0,0.6087278106508875
OUT-0612,Western,Wholesale,291.0,455.0,605.0,1351.0,171.0,3800.0,0.5994736842105263
OUT-0349,Western,Convenience,287.0,418.0,571.0,1276.0,142.0,3354.0,0.5772212283840191
OUT-1124,Western,Convenience,210.0,263.0,295.0,768.0,124.0,2515.0,0.6453280318091451
OUT-0167,Southern,Supermarket,292.0,548.0,696.0,1536.0,192.0,4213.0,0.5898409684310467
OUT-0895,Sabaragamuwa,Supermarket,298.0,461.0,659.0,1418.0,166.0,4637.0,0.6583998274746603
OUT-0952,Western,Convenience,177.0,308.0,434.0,919.0,86.0,1911.0,0.4740973312401884
OUT-0547,Southern,Convenience,207.0,328.0,500.0,1035.0,91.0,2128.0,0.4708646616541353
OUT-0205,Central,Convenience,148.0,140.0,300.0,588.0,50.0,1448.0,0.5593922651933702
OUT-0924,Sabaragamuwa,Supermarket,247.0,431.0,521.0,1199.0,165.0,3258.0,0.5813382443216697
OUT-0606,Central,Supermarket,373.0,496.0,719.0,1588.0,209.0,4095.0,0.5611721611721612
OUT-1123,Southern,Supermarket,344.0,538.0,676.0,1558.0,185.0,3904.0,0.5535348360655737
OUT-0187,Central,Supermarket,209.0,287.0,456.0,952.0,135.0,2790.0,0.6103942652329749
OUT-0460,North Western,Supermarket,304.0,410.0,554.0,1268.0,157.0,3637.0,0.608193566125928
OUT-1054,Central,Supermarket,153.0,267.0,294.0,714.0,69.0,2032.0,0.6146653543307087
OUT-0010,Western,Convenience,214.0,409.0,507.0,1130.0,136.0,3128.0,0.5952685421994884
OUT-0011,Sabaragamuwa,Convenience,212.0,323.0,441.0,976.0,104.0,3047.0,0.645553002953725
OUT-0961,Western,Convenience,255.0,425.0,601.0,1281.0,137.0,3235.0,0.5616692426584234
OUT-0876,Central,Convenience,350.0,507.0,720.0,1577.0,127.0,4346.0,0.6079153244362633
OUT-0631,Central,Supermarket,316.0,540.0,830.0,1686.0,197.0,4197.0,0.5513461996664284
OUT-0888,Southern,Convenience,129.0,236.0,319.0,684.0,43.0,2131.0,0.65884561238855
OUT-0556,Western,Supermarket,152.0,303.0,358.0,813.0,95.0,2400.0,0.6216666666666667
OUT-0290,Southern,Convenience,138.0,202.0,299.0,639.0,54.0,1348.0,0.48590504451038574
OUT-0428,Southern,Convenience,306.0,521.0,695.0,1522.0,191.0,3711.0,0.5383993532740501
OUT-0562,Southern,Convenience,183.0,307.0,390.0,880.0,127.0,3284.0,0.6933617539585871
OUT-0802,Western,Supermarket,210.0,321.0,474.0,1005.0,113.0,2470.0,0.5473684210526316
OUT-1168,Western,Convenience,225.0,395.0,549.0,1169.0,119.0,2953.0,0.563833389773112
OUT-0755,Western,Supermarket,286.0,435.0,605.0,1326.0,173.0,3121.0,0.5197052226850368
OUT-0922,Sabaragamuwa,Supermarket,349.0,551.0,709.0,1609.0,141.0,3553.0,0.5074584857866592
OUT-1151,Central,Convenience,166.0,252.0,313.0,731.0,88.0,1592.0,0.48555276381909546
OUT-0113,Sabaragamuwa,Supermarket,185.0,250.0,387.0,822.0,121.0,3519.0,0.7320261437908496
OUT-0828,Central,Convenience,189.0,254.0,437.0,880.0,93.0,2179.0,0.5534648921523635
OUT-0424,Western,Supermarket,152.0,204.0,302.0,658.0,63.0,3161.0,0.7719076241695666
OUT-0989,Western,Convenience,189.0,345.0,422.0,956.0,130.0,3317.0,0.6725957190232138
OUT-1055,Central,Supermarket,178.0,302.0,525.0,1005.0,106.0,2292.0,0.5152705061082025
OUT-0462,Central,Supermarket,179.0,240.0,299.0,718.0,85.0,2670.0,0.699250936329588
OUT-0894,Western,Convenience,109.0,271.0,300.0,680.0,62.0,2342.0,0.6831767719897524
OUT-0001,North Western,Supermarket,295.0,565.0,749.0,1609.0,195.0,5080.0,0.6448818897637796
OUT-0811,Central,Supermarket,94.0,208.0,292.0,594.0,135.0,1513.0,0.5181758096497026
OUT-0972,Western,Convenience,121.0,189.0,287.0,597.0,19.0,816.0,0.24509803921568626
OUT-0986,Central,Supermarket,355.0,527.0,744.0,1626.0,187.0,4528.0,0.5996024734982333
OUT-1172,Sabaragamuwa,Convenience,308.0,442.0,673.0,1423.0,138.0,4294.0,0.6364694923148579
OUT-0681,Sabaragamuwa,Supermarket,111.0,217.0,302.0,630.0,135.0,1911.0,0.5996860282574569
OUT-0871,Southern,Supermarket,310.0,468.0,753.0,1531.0,164.0,3968.0,0.5728326612903226
OUT-1090,Western,Wholesale,187.0,387.0,496.0,1070.0,90.0,3125.0,0.6288
OUT-0412,North Western,Wholesale,259.0,518.0,635.0,1412.0,146.0,3517.0,0.5570088143303952
OUT-0323,Western,Supermarket,220.0,267.0,402.0,889.0,82.0,2619.0,0.6292478045055364
OUT-0002,Western,Wholesale,213.0,402.0,571.0,1186.0,128.0,3514.0,0.6260671599317018
OUT-0710,Southern,Supermarket,216.0,397.0,599.0,1212.0,117.0,2263.0,0.412726469288555
OUT-0436,North Western,Wholesale,149.0,247.0,319.0,715.0,80.0,2297.0,0.653896386591206
OUT-0453,Southern,Supermarket,357.0,427.0,718.0,1502.0,142.0,3965.0,0.5853720050441362
OUT-0039,Central,Convenience,186.0,283.0,328.0,797.0,88.0,2525.0,0.6495049504950495
OUT-0184,Western,Wholesale,185.0,368.0,470.0,1023.0,109.0,2399.0,0.5281367236348479
OUT-0218,North Western,Supermarket,94.0,261.0,251.0,606.0,77.0,2237.0,0.6946803755029056
OUT-1133,Western,Supermarket,195.0,251.0,338.0,784.0,82.0,1596.0,0.4573934837092732
OUT-0307,Western,Convenience,219.0,358.0,474.0,1051.0,101.0,2686.0,0.5711094564408041
OUT-0976,North Western,Supermarket,298.0,382.0,627.0,1307.0,169.0,3738.0,0.6051364365971108
OUT-0550,Western,Convenience,227.0,295.0,523.0,1045.0,115.0,2712.0,0.5722713864306784
OUT-0314,North Western,Supermarket,183.0,346.0,476.0,1005.0,111.0,3304.0,0.662227602905569
OUT-0905,Western,Convenience,372.0,559.0,896.0,1827.0,182.0,3719.0,0.4598010217800484
OUT-0332,Central,Convenience,149.0,292.0,306.0,747.0,79.0,1314.0,0.3713850837138508
OUT-0037,Central,Convenience,126.0,224.0,367.0,717.0,75.0,2030.0,0.6098522167487684
OUT-0111,Central,Wholesale,222.0,341.0,459.0,1022.0,99.0,2526.0,0.556215360253365
OUT-0837,Central,Supermarket,302.0,472.0,683.0,1457.0,135.0,4234.0,0.6239962210675484
OUT-1031,Western,Supermarket,265.0,426.0,604.0,1295.0,116.0,3183.0,0.5567075086396481
OUT-0985,Southern,Convenience,151.0,261.0,347.0,759.0,61.0,2269.0,0.6386073159982371
OUT-0779,Central,Convenience,290.0,487.0,690.0,1467.0,182.0,3773.0,0.5629472568248078
OUT-0578,Central,Wholesale,298.0,455.0,726.0,1479.0,146.0,3746.0,0.5662039508809397
OUT-1196,Sabaragamuwa,Supermarket,200.0,239.0,342.0,781.0,111.0,2080.0,0.5711538461538461
OUT-0434,Central,Supermarket,336.0,512.0,720.0,1568.0,135.0,3163.0,0.46158710085362
OUT-0164,Southern,Supermarket,98.0,190.0,302.0,590.0,68.0,1949.0,0.6623909697280657
OUT-0264,Sabaragamuwa,Convenience,175.0,283.0,346.0,804.0,72.0,2284.0,0.6164623467600701
OUT-0232,Central,Convenience,263.0,329.0,486.0,1078.0,140.0,3130.0,0.6108626198083067
OUT-0303,Southern,Convenience,229.0,388.0,576.0,1193.0,87.0,2561.0,0.5001952362358454
OUT-0176,Southern,Supermarket,127.0,221.0,262.0,610.0,41.0,1892.0,0.6559196617336153
OUT-0782,Western,Convenience,315.0,562.0,790.0,1667.0,227.0,5024.0,0.6230095541401274
OUT-0150,Sabaragamuwa,Supermarket,134.0,216.0,270.0,620.0,34.0,969.0,0.32507739938080493
OUT-1192,Sabaragamuwa,Supermarket,175.0,335.0,453.0,963.0,116.0,3059.0,0.6472703497875123
OUT-0072,Southern,Supermarket,207.0,321.0,435.0,963.0,99.0,2222.0,0.5220522052205221
OUT-0169,Southern,Convenience,217.0,318.0,549.0,1084.0,140.0,3525.0,0.6527659574468085
OUT-0456,North Western,Supermarket,151.0,282.0,359.0,792.0,95.0,2269.0,0.6090788893785809
OUT-0090,Southern,Convenience,252.0,362.0,568.0,1182.0,90.0,3196.0,0.6020025031289111
OUT-0118,Southern,Supermarket,258.0,447.0,685.0,1390.0,167.0,2949.0,0.47202441505595116
OUT-0993,Western,Wholesale,327.0,484.0,719.0,1530.0,153.0,3511.0,0.5206493876388494
OUT-0322,Sabaragamuwa,Convenience,225.0,381.0,530.0,1136.0,154.0,2952.0,0.5630081300813008
OUT-0959,Southern,Convenience,227.0,385.0,528.0,1140.0,127.0,2933.0,0.568019093078759
OUT-0823,Central,Convenience,198.0,275.0,411.0,884.0,86.0,1543.0,0.37135450421257293
OUT-0904,Western,Supermarket,241.0,376.0,515.0,1132.0,122.0,2980.0,0.5791946308724832
OUT-0242,North Western,Supermarket,335.0,478.0,602.0,1415.0,137.0,2701.0,0.4253980007404665
OUT-0857,Central,Convenience,305.0,518.0,717.0,1540.0,219.0,4652.0,0.6218830610490111
OUT-0703,Sabaragamuwa,Supermarket,155.0,254.0,311.0,720.0,96.0,2123.0,0.6156382477626001
OUT-0872,Southern,Wholesale,141.0,210.0,302.0,653.0,8.0,843.0,0.2158956109134045
OUT-0693,Western,Supermarket,176.0,266.0,319.0,761.0,49.0,1399.0,0.42101501072194425
OUT-0271,Southern,Convenience,139.0,239.0,344.0,722.0,85.0,2048.0,0.60595703125
OUT-0112,Southern,Supermarket,171.0,267.0,449.0,887.0,75.0,1053.0,0.08641975308641975
OUT-0596,Western,Convenience,191.0,351.0,431.0,973.0,93.0,2310.0,0.5385281385281385
OUT-0517,North Western,Supermarket,169.0,319.0,477.0,965.0,68.0,1887.0,0.45257021727609964
OUT-0227,Sabaragamuwa,Convenience,113.0,172.0,250.0,535.0,24.0,963.0,0.4195223260643821
OUT-0497,Southern,Supermarket,276.0,316.0,509.0,1101.0,130.0,3525.0,0.6507801418439716
OUT-0499,North Western,Supermarket,209.0,307.0,433.0,949.0,119.0,2671.0,0.6001497566454511
OUT-1111,Western,Supermarket,161.0,210.0,353.0,724.0,49.0,1981.0,0.6097930338213023
OUT-1053,Western,Supermarket,190.0,298.0,299.0,787.0,101.0,2960.0,0.7
OUT-0196,North Western,Supermarket,160.0,298.0,285.0,743.0,61.0,2110.0,0.6189573459715639
OUT-0337,Sabaragamuwa,Supermarket,133.0,247.0,335.0,715.0,50.0,2140.0,0.6425233644859814
OUT-0797,North Western,Convenience,128.0,191.0,280.0,599.0,94.0,2519.0,0.7248908296943232
OUT-0890,Western,Supermarket,350.0,485.0,659.0,1494.0,169.0,3384.0,0.5085697399527187
OUT-1080,North Western,Convenience,223.0,308.0,444.0,975.0,115.0,3493.0,0.6879473232178643
OUT-0138,Sabaragamuwa,Convenience,200.0,384.0,493.0,1077.0,127.0,2705.0,0.5548983364140481
OUT-0836,Central,Supermarket,307.0,399.0,526.0,1232.0,131.0,3701.0,0.6317211564442042
OUT-0529,Western,Supermarket,287.0,490.0,662.0,1439.0,176.0,3161.0,0.4890857323631762
OUT-0508,Southern,Supermarket,299.0,500.0,724.0,1523.0,202.0,4514.0,0.6178555604785113
OUT-1027,Western,Supermarket,373.0,533.0,826.0,1732.0,219.0,4606.0,0.5764220581849762
OUT-0394,Central,Wholesale,308.0,468.0,683.0,1459.0,167.0,4103.0,0.6037046063855716
OUT-0383,North Western,Supermarket,281.0,526.0,750.0,1557.0,205.0,4621.0,0.6186972516771262
OUT-0222,Central,Convenience,245.0,408.0,483.0,1136.0,136.0,2599.0,0.510580992689496
OUT-1004,Central,Supermarket,124.0,238.0,349.0,711.0,114.0,2093.0,0.6058289536550406
OUT-0678,Southern,Supermarket,245.0,380.0,503.0,1128.0,99.0,2463.0,0.5018270401948843
OUT-0746,Western,Convenience,252.0,358.0,437.0,1047.0,136.0,3672.0,0.6778322440087146
OUT-0329,Sabaragamuwa,Convenience,267.0,436.0,520.0,1223.0,119.0,2966.0,0.5475387727579232
OUT-0013,Central,Convenience,267.0,456.0,634.0,1357.0,131.0,3042.0,0.5108481262327417
OUT-0915,North Western,Supermarket,324.0,556.0,842.0,1722.0,205.0,4577.0,0.5789818658509941
OUT-0084,Western,Supermarket,126.0,239.0,334.0,699.0,93.0,2020.0,0.6079207920792079
OUT-0207,Western,Convenience,123.0,301.0,312.0,736.0,70.0,2379.0,0.6612021857923497
OUT-0104,Southern,Supermarket,377.0,609.0,761.0,1747.0,190.0,4624.0,0.581098615916955
OUT-0310,Western,Supermarket,110.0,254.0,286.0,650.0,69.0,2990.0,0.7595317725752508
OUT-0777,Central,Convenience,251.0,427.0,524.0,1202.0,149.0,2875.0,0.5300869565217391
OUT-0735,Western,Wholesale,126.0,266.0,356.0,748.0,80.0,1918.0,0.5683003128258602
OUT-1097,Sabaragamuwa,Convenience,128.0,275.0,314.0,717.0,114.0,2972.0,0.7203903095558546
OUT-0181,Central,Convenience,324.0,539.0,872.0,1735.0,182.0,4579.0,0.5813496396593143
OUT-0882,Sabaragamuwa,Supermarket,252.0,435.0,553.0,1240.0,100.0,2872.0,0.5334261838440112
OUT-1166,Western,Wholesale,357.0,525.0,730.0,1612.0,185.0,3992.0,0.5498496993987976
OUT-0498,Western,Supermarket,256.0,452.0,652.0,1360.0,167.0,4139.0,0.6310703068374003
OUT-0317,Western,Supermarket,225.0,371.0,451.0,1047.0,89.0,2564.0,0.5569422776911076
OUT-0142,North Western,Wholesale,194.0,407.0,524.0,1125.0,154.0,3499.0,0.6344669905687339
OUT-1001,Southern,Supermarket,148.0,223.0,310.0,681.0,56.0,2175.0,0.6611494252873563
OUT-0328,Central,Convenience,254.0,369.0,501.0,1124.0,144.0,3837.0,0.6695334897054991
OUT-0661,Western,Supermarket,172.0,290.0,383.0,845.0,111.0,2322.0,0.5882859603789836
OUT-0347,Central,Convenience,360.0,561.0,846.0,1767.0,190.0,4577.0,0.5724273541621149
OUT-0211,Western,Convenience,294.0,460.0,692.0,1446.0,147.0,4148.0,0.6159594985535197
OUT-0568,Central,Supermarket,134.0,233.0,257.0,624.0,72.0,1729.0,0.5974551764025449
OUT-0143,Western,Supermarket,336.0,602.0,780.0,1718.0,210.0,4555.0,0.5767288693743139
OUT-0515,Western,Convenience,190.0,295.0,429.0,914.0,94.0,2150.0,0.5311627906976745
OUT-0363,Central,Wholesale,173.0,206.0,353.0,732.0,83.0,2034.0,0.5993117010816126
OUT-0005,Western,Convenience,135.0,198.0,328.0,661.0,36.0,1336.0,0.4782934131736527
OUT-0045,Central,Supermarket,375.0,451.0,758.0,1584.0,165.0,3790.0,0.5385224274406333
OUT-0282,Western,Convenience,172.0,253.0,265.0,690.0,112.0,2999.0,0.7325775258419474
OUT-0203,Central,Convenience,224.0,390.0,576.0,1190.0,120.0,3179.0,0.5879207297892419
OUT-0865,Central,Supermarket,150.0,244.0,307.0,701.0,85.0,1944.0,0.595679012345679
OUT-0359,Western,Supermarket,239.0,333.0,490.0,1062.0,120.0,3161.0,0.6260677000949066
OUT-0564,Western,Convenience,270.0,447.0,604.0,1321.0,127.0,3315.0,0.5631975867269985
OUT-0792,North Western,Convenience,204.0,328.0,460.0,992.0,119.0,2985.0,0.6278056951423786
OUT-0372,Western,Supermarket,169.0,282.0,417.0,868.0,88.0,1538.0,0.3784135240572172
OUT-0919,Central,Wholesale,174.0,291.0,445.0,910.0,91.0,2609.0,0.6163280950555768
OUT-0909,Central,Wholesale,144.0,281.0,470.0,895.0,93.0,2254.0,0.5616681455190772
OUT-1018,Western,Convenience,338.0,532.0,767.0,1637.0,146.0,3374.0,0.471547125074096
OUT-0238,Central,Supermarket,311.0,538.0,670.0,1519.0,164.0,3494.0,0.5183171150543789
OUT-0951,Central,Wholesale,264.0,427.0,560.0,1251.0,100.0,2019.0,0.3308568598315998
OUT-0684,Central,Convenience,212.0,380.0,532.0,1124.0,121.0,2941.0,0.5766746004760286
OUT-0274,North Western,Supermarket,210.0,415.0,585.0,1210.0,125.0,2515.0,0.4691848906560636
OUT-1033,Southern,Supermarket,245.0,363.0,529.0,1137.0,180.0,3738.0,0.6476725521669342
OUT-0633,North Western,Wholesale,123.0,166.0,287.0,576.0,70.0,1697.0,0.6193282262816735
OUT-0195,Central,Convenience,150.0,286.0,358.0,794.0,91.0,1850.0,0.5216216216216216
OUT-0514,North Western,Wholesale,198.0,282.0,395.0,875.0,86.0,1407.0,0.3169864960909737
OUT-0615,Central,Supermarket,170.0,283.0,334.0,787.0,92.0,3161.0,0.7219234419487504
OUT-0432,Sabaragamuwa,Supermarket,324.0,512.0,666.0,1502.0,189.0,4104.0,0.5879629629629629
OUT-0675,North Western,Wholesale,300.0,399.0,589.0,1288.0,150.0,3743.0,0.6158161902217473
OUT-0787,Southern,Supermarket,326.0,517.0,708.0,1551.0,190.0,4508.0,0.6137976929902396
OUT-0210,Southern,Supermarket,215.0,392.0,564.0,1171.0,69.0,1641.0,0.24436319317489336
OUT-0163,Central,Supermarket,184.0,275.0,395.0,854.0,115.0,2957.0,0.6723030098072371
OUT-0636,Sabaragamuwa,Supermarket,139.0,219.0,330.0,688.0,97.0,2761.0,0.7156827236508512
OUT-1014,North Western,Supermarket,370.0,556.0,696.0,1622.0,198.0,4612.0,0.6053772766695577
OUT-0088,Sabaragamuwa,Wholesale,267.0,358.0,527.0,1152.0,118.0,2719.0,0.532916513424053
OUT-0346,Southern,Convenience,323.0,499.0,646.0,1468.0,185.0,3568.0,0.5367152466367713
OUT-0928,Central,Supermarket,347.0,533.0,702.0,1582.0,172.0,3830.0,0.5420365535248042
OUT-0718,North Western,Supermarket,174.0,195.0,211.0,580.0,58.0,1020.0,0.37450980392156863
OUT-0191,Central,Supermarket,394.0,570.0,777.0,1741.0,217.0,5450.0,0.6407339449541284
OUT-0753,Western,Supermarket,169.0,263.0,417.0,849.0,92.0,2123.0,0.5567593028732926
OUT-0179,Western,Convenience,353.0,532.0,692.0,1577.0,180.0,4843.0,0.637208341936816
OUT-0769,Western,Supermarket,131.0,231.0,379.0,741.0,70.0,1752.0,0.5371004566210046
OUT-0557,Sabaragamuwa,Convenience,215.0,281.0,395.0,891.0,113.0,3053.0,0.6711431378971503
OUT-1028,Western,Convenience,194.0,283.0,525.0,1002.0,127.0,2773.0,0.5928597187161918
OUT-0393,North Western,Convenience,254.0,438.0,558.0,1250.0,127.0,3376.0,0.5921208530805687
OUT-1195,Western,Supermarket,364.0,550.0,710.0,1624.0,151.0,3711.0,0.521692266235516
OUT-0848,North Western,Supermarket,328.0,456.0,637.0,1421.0,140.0,3196.0,0.5115769712140176
OUT-0745,Sabaragamuwa,Wholesale,239.0,352.0,557.0,1148.0,133.0,3414.0,0.624780316344464
OUT-0863,Western,Convenience,329.0,472.0,706.0,1507.0,179.0,3291.0,0.487693710118505
OUT-1129,Central,Supermarket,309.0,438.0,636.0,1383.0,195.0,4547.0,0.6529579942819441
OUT-0319,Central,Supermarket,197.0,331.0,436.0,964.0,101.0,2733.0,0.610318331503842
OUT-1101,Western,Wholesale,131.0,202.0,360.0,693.0,43.0,2019.0,0.6354631005448241
OUT-0512,Central,Convenience,300.0,458.0,699.0,1457.0,138.0,3028.0,0.4732496697490092
OUT-0940,Southern,Supermarket,161.0,252.0,344.0,757.0,70.0,2064.0,0.5993217054263565
OUT-0440,Western,Convenience,250.0,409.0,702.0,1361.0,121.0,2510.0,0.4095617529880478
OUT-0729,Central,Supermarket,212.0,393.0,478.0,1083.0,117.0,2350.0,0.48936170212765956
OUT-0472,Western,Supermarket,261.0,371.0,530.0,1162.0,119.0,2971.0,0.568832043083137
OUT-0399,Central,Supermarket,219.0,353.0,536.0,1108.0,158.0,3389.0,0.6264384774269696
OUT-0899,Western,Convenience,172.0,268.0,404.0,844.0,76.0,2618.0,0.6485867074102368
OUT-0036,Sabaragamuwa,Supermarket,147.0,277.0,418.0,842.0,73.0,1456.0,0.3715659340659341
OUT-0206,Western,Wholesale,197.0,290.0,415.0,902.0,96.0,3174.0,0.6855702583490864
OUT-0609,Southern,Supermarket,279.0,476.0,673.0,1428.0,161.0,4277.0,0.6284779050736498
OUT-1073,Western,Supermarket,231.0,344.0,381.0,956.0,141.0,3343.0,0.6718516302722106
OUT-0853,Sabaragamuwa,Convenience,336.0,491.0,791.0,1618.0,179.0,3899.0,0.5391125929725571
OUT-0044,North Western,Supermarket,181.0,300.0,491.0,972.0,88.0,1752.0,0.3949771689497717
OUT-0262,Central,Supermarket,310.0,510.0,712.0,1532.0,118.0,2967.0,0.44388270980788674
OUT-0859,Western,Convenience,218.0,290.0,413.0,921.0,125.0,3748.0,0.7209178228388474
OUT-0430,Western,Supermarket,307.0,490.0,682.0,1479.0,185.0,4120.0,0.596116504854369
OUT-0229,Southern,Supermarket,269.0,451.0,599.0,1319.0,136.0,2747.0,0.4703312704768839
OUT-0725,Western,Supermarket,115.0,230.0,308.0,653.0,48.0,2045.0,0.6572127139364303
OUT-0006,Central,Convenience,359.0,596.0,842.0,1797.0,234.0,5662.0,0.6412928293889085
OUT-0963,Southern,Convenience,197.0,254.0,320.0,771.0,37.0,854.0,0.053864168618266976
OUT-1023,Central,Convenience,367.0,580.0,838.0,1785.0,213.0,4317.0,0.5371785962473941
OUT-0586,Central,Convenience,297.0,469.0,543.0,1309.0,147.0,3058.0,0.5238718116415958
OUT-0728,Sabaragamuwa,Wholesale,121.0,193.0,229.0,543.0,13.0,1023.0,0.45650048875855326
OUT-0630,Western,Convenience,316.0,572.0,670.0,1558.0,155.0,4148.0,0.587029893924783
OUT-1141,North Western,Wholesale,216.0,331.0,484.0,1031.0,145.0,3166.0,0.6285533796588756
OUT-0035,Western,Supermarket,268.0,354.0,450.0,1072.0,114.0,2841.0,0.5825413586765223
OUT-0313,Western,Convenience,221.0,322.0,342.0,885.0,98.0,2687.0,0.634164495720134
OUT-0052,Southern,Supermarket,94.0,226.0,294.0,614.0,8.0,444.0,-0.4009009009009009
OUT-0076,North Western,Convenience,222.0,294.0,361.0,877.0,105.0,2800.0,0.6492857142857142
OUT-0174,Central,Supermarket,369.0,513.0,848.0,1730.0,156.0,3005.0,0.37237936772046587
OUT-0095,Western,Supermarket,231.0,254.0,390.0,875.0,88.0,2150.0,0.552093023255814
OUT-0552,Western,Supermarket,161.0,300.0,316.0,777.0,101.0,1840.0,0.5228260869565218
OUT-0789,Southern,Convenience,286.0,516.0,712.0,1514.0,185.0,3839.0,0.5574368325084658
OUT-1105,Central,Supermarket,118.0,280.0,408.0,806.0,85.0,2121.0,0.57991513437058
OUT-0832,Central,Wholesale,267.0,436.0,579.0,1282.0,143.0,4073.0,0.6501350356002946
OUT-0826,Sabaragamuwa,Convenience,97.0,154.0,329.0,580.0,36.0,1008.0,0.3888888888888889
OUT-0420,Sabaragamuwa,Supermarket,335.0,578.0,717.0,1630.0,255.0,4881.0,0.6138086457693096
OUT-0748,Western,Supermarket,239.0,391.0,501.0,1131.0,119.0,2722.0,0.5407788390889052
OUT-0509,Central,Supermarket,247.0,352.0,529.0,1128.0,114.0,2857.0,0.5652782639131957
OUT-0711,Sabaragamuwa,Convenience,349.0,617.0,835.0,1801.0,207.0,5410.0,0.6288354898336415
OUT-0889,Western,Supermarket,184.0,211.0,294.0,689.0,96.0,2258.0,0.6523472099202834
OUT-0608,Sabaragamuwa,Supermarket,150.0,229.0,344.0,723.0,79.0,2487.0,0.6775231202251709
OUT-0388,Western,Supermarket,345.0,554.0,890.0,1789.0,193.0,4112.0,0.5179961089494164
OUT-0094,Central,Supermarket,215.0,320.0,548.0,1083.0,97.0,2098.0,0.43755958055290756
OUT-0752,Sabaragamuwa,Supermarket,140.0,335.0,436.0,911.0,94.0,1919.0,0.47628973423658155
OUT-0913,Southern,Convenience,347.0,572.0,777.0,1696.0,151.0,3366.0,0.4512774806892454
OUT-0652,North Western,Supermarket,336.0,526.0,818.0,1680.0,151.0,3911.0,0.5318332907184863
OUT-0149,Sabaragamuwa,Convenience,217.0,366.0,498.0,1081.0,127.0,3032.0,0.6015831134564644
OUT-0754,North Western,Supermarket,261.0,372.0,505.0,1138.0,157.0,3583.0,0.6385710298632431
OUT-0483,Sabaragamuwa,Convenience,266.0,404.0,582.0,1252.0,213.0,5063.0,0.7106458621370729
OUT-0403,North Western,Convenience,294.0,446.0,658.0,1398.0,128.0,3817.0,0.6002095886822112
OUT-0250,Sabaragamuwa,Wholesale,253.0,344.0,487.0,1084.0,154.0,3489.0,0.645170535970192
OUT-0341,Central,Convenience,150.0,246.0,268.0,664.0,127.0,2308.0,0.6572790294627383
OUT-0953,Southern,Supermarket,183.0,278.0,426.0,887.0,91.0,2204.0,0.5562613430127041
OUT-0201,Southern,Supermarket,308.0,527.0,693.0,1528.0,155.0,4284.0,0.6071428571428571
OUT-0886,Western,Supermarket,193.0,341.0,469.0,1003.0,111.0,3161.0,0.6475798797848782
OUT-0092,Western,Convenience,283.0,465.0,664.0,1412.0,184.0,4316.0,0.6302131603336423
OUT-0733,Sabaragamuwa,Convenience,117.0,267.0,308.0,692.0,58.0,1549.0,0.5158166559070368
OUT-0541,Western,Supermarket,374.0,568.0,802.0,1744.0,234.0,5115.0,0.6132942326490713
OUT-0692,Western,Wholesale,332.0,511.0,803.0,1646.0,199.0,4962.0,0.628174123337364
OUT-0585,Western,Supermarket,341.0,571.0,770.0,1682.0,201.0,3414.0,0.44844756883421205
OUT-0443,Central,Convenience,315.0,526.0,659.0,1500.0,131.0,3106.0,0.4748873148744366
OUT-0610,Southern,Supermarket,265.0,344.0,475.0,1084.0,106.0,2206.0,0.4605621033544878
OUT-0411,Sabaragamuwa,Supermarket,259.0,439.0,606.0,1304.0,198.0,3984.0,0.6229919678714859
OUT-1067,North Western,Wholesale,230.0,300.0,411.0,941.0,89.0,2223.0,0.5366621682411156
OUT-0569,Sabaragamuwa,Wholesale,208.0,364.0,477.0,1049.0,116.0,3221.0,0.6383110835144366
OUT-1152,North Western,Supermarket,349.0,527.0,819.0,1695.0,191.0,4295.0,0.560884749708964
OUT-1189,Southern,Supermarket,154.0,269.0,353.0,776.0,35.0,1796.0,0.5484409799554566
OUT-0688,Southern,Supermarket,366.0,542.0,782.0,1690.0,177.0,3931.0,0.5250572373441872
OUT-0336,Sabaragamuwa,Convenience,251.0,406.0,616.0,1273.0,123.0,2805.0,0.5023172905525847
OUT-0643,North Western,Convenience,142.0,149.0,283.0,574.0,27.0,1042.0,0.42322456813819576
OUT-0315,North Western,Wholesale,205.0,282.0,411.0,898.0,128.0,3262.0,0.6854690374003679
OUT-0783,Sabaragamuwa,Supermarket,219.0,390.0,477.0,1086.0,160.0,3391.0,0.6325567679150693
OUT-1034,Central,Convenience,349.0,540.0,783.0,1672.0,193.0,3961.0,0.529159303206261
OUT-1186,Southern,Supermarket,342.0,529.0,652.0,1523.0,247.0,5305.0,0.6663524976437323
OUT-1183,Western,Convenience,138.0,264.0,334.0,736.0,86.0,2742.0,0.700218818380744
OUT-0507,Western,Wholesale,197.0,259.0,425.0,881.0,120.0,3025.0,0.6690909090909091
OUT-1079,Western,Supermarket,251.0,439.0,649.0,1339.0,148.0,2637.0,0.4361016306408798
OUT-0134,Central,Convenience,194.0,262.0,445.0,901.0,134.0,2669.0,0.612214312476583
OUT-0093,Western,Supermarket,248.0,391.0,499.0,1138.0,88.0,2180.0,0.43761467889908257
OUT-0835,Southern,Wholesale,292.0,503.0,626.0,1421.0,168.0,3225.0,0.5072868217054264
OUT-0593,Southern,Supermarket,232.0,323.0,444.0,999.0,58.0,2066.0,0.48838334946757017
OUT-1070,Central,Convenience,252.0,348.0,435.0,1035.0,96.0,2301.0,0.5084745762711864
OUT-0395,Southern,Supermarket,139.0,211.0,237.0,587.0,43.0,1797.0,0.6494156928213689
OUT-1076,North Western,Supermarket,195.0,367.0,413.0,975.0,71.0,1531.0,0.31678641410842584
OUT-1177,Central,Wholesale,267.0,375.0,508.0,1150.0,83.0,1786.0,0.30963045912653975
OUT-0576,Western,Convenience,249.0,365.0,553.0,1167.0,154.0,3335.0,0.6038980509745128
OUT-0574,Sabaragamuwa,Wholesale,310.0,531.0,699.0,1540.0,188.0,3771.0,0.5417661097852029
OUT-1140,Western,Supermarket,281.0,420.0,647.0,1348.0,157.0,3995.0,0.623279098873592
OUT-0279,Western,Supermarket,313.0,507.0,763.0,1583.0,192.0,4108.0,0.5679162609542356
OUT-0736,Western,Supermarket,274.0,480.0,643.0,1397.0,141.0,3735.0,0.5882195448460509
OUT-1134,Western,Supermarket,288.0,506.0,664.0,1458.0,199.0,4319.0,0.6163463764760361
OUT-0280,Southern,Supermarket,363.0,498.0,812.0,1673.0,135.0,3976.0,0.545271629778672
OUT-0640,North Western,Supermarket,330.0,487.0,831.0,1648.0,135.0,4253.0,0.5807665177521749
OUT-0338,Sabaragamuwa,Supermarket,290.0,443.0,693.0,1426.0,197.0,4014.0,0.5956651718983558
OUT-0228,Sabaragamuwa,Supermarket,289.0,467.0,632.0,1388.0,135.0,3598.0,0.5767092829349638
OUT-0699,Western,Supermarket,313.0,515.0,607.0,1435.0,128.0,2159.0,0.2760537285780454
OUT-0009,Western,Convenience,150.0,233.0,342.0,725.0,66.0,1729.0,0.5425101214574899
OUT-0086,Western,Wholesale,112.0,244.0,308.0,664.0,69.0,1759.0,0.5832859579306424
OUT-0931,Sabaragamuwa,Supermarket,196.0,287.0,436.0,919.0,113.0,2628.0,0.6073059360730594
OUT-0069,North Western,Supermarket,104.0,169.0,246.0,519.0,36.0,1759.0,0.6844798180784537
OUT-1132,Western,Convenience,269.0,390.0,562.0,1221.0,126.0,3509.0,0.6161299515531491
OUT-0097,Western,Convenience,231.0,294.0,461.0,986.0,73.0,1862.0,0.4312567132116004
OUT-0342,North Western,Supermarket,372.0,563.0,897.0,1832.0,178.0,5003.0,0.59824105536678
OUT-0122,Sabaragamuwa,Wholesale,289.0,441.0,634.0,1364.0,143.0,2867.0,0.47436344611091735
OUT-0157,Southern,Supermarket,176.0,291.0,416.0,883.0,89.0,3019.0,0.6780390857899967
OUT-1078,Western,Convenience,227.0,382.0,508.0,1117.0,121.0,3337.0,0.6290080910997903
OUT-0997,Central,Convenience,271.0,438.0,643.0,1352.0,202.0,3431.0,0.5470708248324104
OUT-0634,North Western,Wholesale,211.0,399.0,401.0,1011.0,136.0,3027.0,0.6210769739015527
OUT-0471,Southern,Wholesale,227.0,360.0,455.0,1042.0,101.0,2669.0,0.5717497189958786
OUT-0558,Western,Wholesale,216.0,387.0,562.0,1165.0,93.0,2765.0,0.5450271247739602
OUT-0724,Western,Convenience,366.0,543.0,772.0,1681.0,181.0,3758.0,0.5045236828100054
OUT-0294,Western,Supermarket,147.0,198.0,312.0,657.0,61.0,1692.0,0.5756501182033097
OUT-0773,Western,Supermarket,268.0,456.0,596.0,1320.0,122.0,3706.0,0.6109012412304371
OUT-0415,Western,Convenience,83.0,210.0,301.0,594.0,21.0,1136.0,0.4586267605633803
OUT-1074,North Western,Supermarket,354.0,561.0,744.0,1659.0,176.0,3767.0,0.5128749668170959
OUT-1173,Central,Supermarket,240.0,314.0,370.0,924.0,68.0,1653.0,0.3998790078644888
OUT-0165,Sabaragamuwa,Supermarket,257.0,437.0,581.0,1275.0,169.0,4244.0,0.6597549481621112
OUT-0121,Western,Wholesale,268.0,415.0,544.0,1227.0,151.0,3033.0,0.5456643587207386
OUT-0906,Western,Convenience,281.0,422.0,592.0,1295.0,162.0,4067.0,0.6417506761740841
OUT-0697,Western,Convenience,320.0,514.0,688.0,1522.0,176.0,4751.0,0.642601557566828
OUT-0283,Central,Wholesale,226.0,325.0,385.0,936.0,110.0,2301.0,0.5454150369404607
OUT-0365,Western,Supermarket,243.0,499.0,571.0,1313.0,158.0,3986.0,0.6309583542398395
OUT-0747,Central,Supermarket,188.0,324.0,457.0,969.0,113.0,3143.0,0.6557429207763283
OUT-0311,Central,Supermarket,237.0,369.0,475.0,1081.0,153.0,3346.0,0.6312014345487149
OUT-0511,Southern,Wholesale,134.0,217.0,247.0,598.0,51.0,834.0,0.22182254196642687
OUT-0180,Central,Supermarket,298.0,506.0,705.0,1509.0,148.0,3532.0,0.5308607021517554
OUT-0912,North Western,Convenience,315.0,503.0,773.0,1591.0,173.0,4282.0,0.588042970574498
OUT-0810,Central,Convenience,404.0,582.0,888.0,1874.0,214.0,4704.0,0.5561224489795918
OUT-0821,Western,Convenience,117.0,224.0,313.0,654.0,50.0,1371.0,0.4865061998541211
OUT-0070,Southern,Convenience,232.0,362.0,498.0,1092.0,101.0,2715.0,0.5605893186003683
OUT-0784,Central,Convenience,254.0,423.0,507.0,1184.0,165.0,3892.0,0.6533915724563206
OUT-0524,Central,Convenience,276.0,429.0,527.0,1232.0,126.0,3033.0,0.5522584899439499
OUT-1169,Western,Convenience,332.0,548.0,809.0,1689.0,170.0,3926.0,0.5264900662251656
OUT-1029,Central,Supermarket,286.0,457.0,683.0,1426.0,154.0,3493.0,0.5476667620956198
OUT-0805,Western,Supermarket,143.0,210.0,321.0,674.0,71.0,2529.0,0.7054171609331752
OUT-0816,Western,Convenience,356.0,554.0,711.0,1621.0,209.0,5177.0,0.6465134247633765
OUT-0124,Western,Convenience,224.0,375.0,508.0,1107.0,151.0,3645.0,0.6548696844993142
OUT-0864,Central,Convenience,212.0,411.0,523.0,1146.0,42.0,680.0,-0.7470588235294118
OUT-0059,Central,Convenience,163.0,284.0,299.0,746.0,108.0,2433.0,0.6489930127414715
OUT-1158,Western,Supermarket,145.0,186.0,219.0,550.0,93.0,2204.0,0.7082577132486388
OUT-0364,Central,Supermarket,139.0,215.0,248.0,602.0,98.0,2084.0,0.6641074856046065
OUT-1188,Western,Wholesale,382.0,547.0,827.0,1756.0,216.0,5004.0,0.6059152677857714
OUT-0266,Western,Convenience,177.0,250.0,304.0,731.0,38.0,1312.0,0.4138719512195122
OUT-0834,North Western,Supermarket,289.0,450.0,621.0,1360.0,139.0,3468.0,0.567762399077278
OUT-0249,Central,Wholesale,183.0,317.0,446.0,946.0,79.0,2512.0,0.5919585987261147
OUT-0381,Western,Supermarket,287.0,434.0,618.0,1339.0,99.0,2296.0,0.37369337979094075
OUT-0605,Sabaragamuwa,Supermarket,344.0,626.0,797.0,1767.0,197.0,4333.0,0.5467343641818602
OUT-1088,Southern,Convenience,310.0,509.0,727.0,1546.0,191.0,4925.0,0.6473096446700508
OUT-0551,Western,Supermarket,218.0,382.0,489.0,1089.0,123.0,2184.0,0.44505494505494503
OUT-0148,Western,Convenience,267.0,441.0,577.0,1285.0,143.0,3263.0,0.5623659209316579
OUT-0252,North Western,Convenience,322.0,512.0,718.0,1552.0,173.0,3862.0,0.5533402382185396
OUT-0974,Central,Wholesale,368.0,564.0,787.0,1719.0,204.0,4351.0,0.5580326361755918
OUT-1150,Sabaragamuwa,Supermarket,346.0,571.0,726.0,1643.0,183.0,4252.0,0.570555032925682
OUT-0213,Southern,Supermarket,181.0,242.0,332.0,755.0,88.0,1881.0,0.5518341307814992
OUT-0441,Western,Convenience,328.0,501.0,795.0,1624.0,144.0,3478.0,0.491661874640598
OUT-1066,Southern,Convenience,372.0,597.0,767.0,1736.0,187.0,4489.0,0.5716195143684563
OUT-0565,Southern,Supermarket,285.0,406.0,615.0,1306.0,162.0,4143.0,0.6456673907796283
OUT-0331,Sabaragamuwa,Supermarket,298.0,517.0,697.0,1512.0,174.0,3530.0,0.5223796033994335
OUT-0433,Southern,Supermarket,302.0,479.0,691.0,1472.0,159.0,4147.0,0.6067036411863999
OUT-0277,Southern,Convenience,187.0,328.0,380.0,895.0,102.0,2906.0,0.6569167240192705
OUT-1100,Western,Supermarket,158.0,213.0,322.0,693.0,90.0,2075.0,0.6226506024096385
OUT-1161,Western,Wholesale,81.0,173.0,285.0,539.0,32.0,1137.0,0.49780123131046616
OUT-0292,Western,Convenience,131.0,189.0,210.0,530.0,62.0,1986.0,0.701913393756294
OUT-0902,Central,Supermarket,182.0,300.0,424.0,906.0,91.0,2487.0,0.5991154000804182
OUT-0449,Southern,Wholesale,133.0,195.0,313.0,641.0,51.0,1138.0,0.39191564147627417
OUT-0386,Western,Wholesale,377.0,600.0,813.0,1790.0,171.0,4074.0,0.5186548846342661
OUT-1047,Central,Convenience,186.0,202.0,371.0,759.0,126.0,2231.0,0.6033168982519049
OUT-0525,Western,Supermarket,147.0,222.0,305.0,674.0,93.0,1917.0,0.5998956703182056
OUT-1085,North Western,Supermarket,365.0,560.0,816.0,1741.0,211.0,4788.0,0.5923141186299081
OUT-0304,Western,Convenience,222.0,383.0,613.0,1218.0,150.0,3850.0,0.6446753246753246
OUT-0488,Western,Supermarket,202.0,315.0,379.0,896.0,120.0,2883.0,0.6475893166840098
OUT-1069,Southern,Wholesale,100.0,185.0,232.0,517.0,63.0,1672.0,0.65311004784689
OUT-1159,Western,Supermarket,253.0,350.0,500.0,1103.0,179.0,3195.0,0.5987480438184664
OUT-0941,Central,Wholesale,181.0,377.0,377.0,935.0,72.0,1698.0,0.40694935217903416
OUT-0973,Western,Supermarket,155.0,226.0,286.0,667.0,82.0,1753.0,0.5727324586423275
OUT-0068,Western,Supermarket,174.0,335.0,475.0,984.0,57.0,2419.0,0.569656883009508
OUT-0020,North Western,Supermarket,292.0,423.0,611.0,1326.0,155.0,3827.0,0.6130128037627385
OUT-0878,North Western,Wholesale,214.0,288.0,350.0,852.0,61.0,1494.0,0.3888888888888889
OUT-0325,North Western,Supermarket,340.0,560.0,726.0,1626.0,148.0,3641.0,0.5127712166987092
OUT-0261,Central,Supermarket,160.0,228.0,325.0,713.0,67.0,1823.0,0.5721338453099287
OUT-0131,Central,Wholesale,168.0,284.0,403.0,855.0,61.0,1973.0,0.5357323872275722
OUT-0410,Western,Convenience,372.0,579.0,890.0,1841.0,181.0,4307.0,0.5305316925934526
OUT-0401,North Western,Supermarket,177.0,290.0,417.0,884.0,79.0,1901.0,0.4934245134139926
OUT-0055,Central,Convenience,274.0,484.0,669.0,1427.0,171.0,4275.0,0.6261988304093568
OUT-0964,Western,Convenience,141.0,237.0,334.0,712.0,62.0,1646.0,0.5297691373025516
OUT-0932,Southern,Supermarket,229.0,351.0,411.0,991.0,158.0,3100.0,0.6293548387096775
OUT-1162,Southern,Supermarket,295.0,489.0,670.0,1454.0,130.0,3426.0,0.5376532399299475
OUT-0151,North Western,Supermarket,340.0,518.0,692.0,1550.0,203.0,4617.0,0.620316222655404
OUT-1103,North Western,Wholesale,333.0,541.0,759.0,1633.0,166.0,4260.0,0.577699530516432
OUT-0673,Western,Supermarket,376.0,587.0,829.0,1792.0,189.0,4237.0,0.532452206750059
OUT-1056,Southern,Supermarket,260.0,489.0,661.0,1410.0,162.0,3753.0,0.5811350919264588
OUT-1046,Southern,Convenience,194.0,314.0,423.0,931.0,81.0,2091.0,0.5160210425633668
OUT-1003,North Western,Convenience,209.0,237.0,205.0,651.0,63.0,2265.0,0.6847682119205298
OUT-0107,Central,Supermarket,264.0,351.0,529.0,1144.0,95.0,2087.0,0.40632486823191183
OUT-0744,North Western,Supermarket,123.0,189.0,339.0,651.0,28.0,1025.0,0.3375609756097561
OUT-1146,Western,Wholesale,206.0,284.0,459.0,949.0,132.0,3197.0,0.6618705035971223
OUT-0444,Sabaragamuwa,Convenience,173.0,208.0,383.0,764.0,61.0,1652.0,0.5006053268765133
OUT-0750,Western,Wholesale,274.0,542.0,742.0,1558.0,165.0,3550.0,0.5146478873239436
OUT-0756,Central,Wholesale,148.0,241.0,505.0,894.0,67.0,1896.0,0.4931434599156118
OUT-0025,Western,Wholesale,328.0,527.0,664.0,1519.0,213.0,4662.0,0.6284856284856285
OUT-0812,North Western,Convenience,140.0,142.0,176.0,458.0,56.0,1909.0,0.7307490832896805
OUT-0662,Western,Supermarket,357.0,539.0,774.0,1670.0,172.0,3977.0,0.5368368116670857
OUT-0256,Southern,Convenience,309.0,529.0,666.0,1504.0,184.0,3858.0,0.5624675997926387
OUT-0935,Central,Convenience,278.0,481.0,703.0,1462.0,155.0,3241.0,0.5010799136069114
OUT-0870,Sabaragamuwa,Supermarket,164.0,291.0,386.0,841.0,106.0,2076.0,0.5438342967244701
OUT-1145,Sabaragamuwa,Wholesale,251.0,367.0,459.0,1077.0,132.0,3276.0,0.6309523809523809
OUT-0893,North Western,Convenience,172.0,264.0,368.0,804.0,48.0,1178.0,0.2767402376910017
OUT-0874,Western,Convenience,235.0,356.0,502.0,1093.0,136.0,2930.0,0.5805460750853242
OUT-0614,Southern,Wholesale,372.0,574.0,827.0,1773.0,193.0,3744.0,0.47489316239316237
OUT-0389,Southern,Convenience,138.0,187.0,320.0,645.0,73.0,2660.0,0.7300751879699248
OUT-0937,Sabaragamuwa,Supermarket,362.0,576.0,729.0,1667.0,187.0,3853.0,0.5188165066182195
OUT-0407,Western,Supermarket,192.0,325.0,353.0,870.0,113.0,2874.0,0.6579679888656924
OUT-0795,Central,Supermarket,122.0,156.0,254.0,532.0,47.0,2054.0,0.7181110029211295
OUT-0716,Western,Wholesale,134.0,288.0,322.0,744.0,61.0,2409.0,0.6658364466583645
OUT-1024,Sabaragamuwa,Convenience,245.0,383.0,616.0,1244.0,113.0,3124.0,0.5656209987195903
OUT-0621,Southern,Convenience,330.0,458.0,695.0,1483.0,203.0,4360.0,0.613302752293578
OUT-0247,Southern,Supermarket,264.0,379.0,608.0,1251.0,161.0,3376.0,0.5817535545023697
OUT-0146,Western,Supermarket,180.0,283.0,395.0,858.0,92.0,2020.0,0.5297029702970297
OUT-1153,Southern,Convenience,138.0,236.0,344.0,718.0,70.0,1939.0,0.593604951005673
OUT-1136,Central,Convenience,194.0,329.0,436.0,959.0,112.0,2814.0,0.6194029850746269
OUT-0623,Western,Supermarket,391.0,584.0,830.0,1805.0,172.0,4416.0,0.5523097826086957
OUT-0461,Central,Supermarket,268.0,414.0,544.0,1226.0,161.0,3582.0,0.612786152987158
OUT-0487,North Western,Supermarket,229.0,370.0,559.0,1158.0,123.0,3259.0,0.6069346425283829
OUT-1175,Sabaragamuwa,Supermarket,268.0,410.0,573.0,1251.0,135.0,3161.0,0.5615311610249921
OUT-0091,Southern,Supermarket,144.0,234.0,366.0,744.0,72.0,1875.0,0.5648
OUT-0493,Southern,Supermarket,292.0,444.0,660.0,1396.0,162.0,3759.0,0.5855280659749933
OUT-0171,Western,Convenience,202.0,296.0,423.0,921.0,89.0,2560.0,0.60546875
OUT-0057,Sabaragamuwa,Supermarket,235.0,316.0,528.0,1079.0,112.0,2699.0,0.5587254538718044
OUT-0405,Central,Supermarket,386.0,606.0,796.0,1788.0,224.0,4559.0,0.5586751480587848
OUT-0600,Central,Wholesale,255.0,412.0,553.0,1220.0,139.0,3074.0,0.5579050097592713
OUT-1016,Western,Convenience,157.0,248.0,386.0,791.0,68.0,1272.0,0.324685534591195
OUT-0098,Sabaragamuwa,Supermarket,144.0,183.0,321.0,648.0,81.0,1672.0,0.5639952153110048
OUT-0827,Western,Convenience,278.0,383.0,600.0,1261.0,144.0,3630.0,0.6129476584022039
OUT-0480,Central,Wholesale,237.0,370.0,431.0,1038.0,134.0,3030.0,0.6132013201320132
OUT-0324,Central,Supermarket,227.0,392.0,542.0,1161.0,118.0,2513.0,0.4910465578989256
OUT-1112,Sabaragamuwa,Convenience,165.0,371.0,548.0,1084.0,142.0,2352.0,0.47874149659863946
OUT-0425,Southern,Convenience,253.0,411.0,646.0,1310.0,146.0,3203.0,0.5454261629722136
OUT-0297,Central,Supermarket,386.0,548.0,762.0,1696.0,176.0,3885.0,0.5181467181467182
OUT-0738,Sabaragamuwa,Wholesale,218.0,291.0,470.0,979.0,50.0,2348.0,0.5617546848381602
OUT-0903,Sabaragamuwa,Convenience,151.0,126.0,280.0,557.0,69.0,1538.0,0.5929778933680104
OUT-0602,Central,Convenience,309.0,444.0,699.0,1452.0,211.0,4749.0,0.6498210149505159
OUT-1000,Central,Wholesale,203.0,271.0,405.0,879.0,139.0,3231.0,0.6849272670999691
OUT-0396,Central,Supermarket,232.0,391.0,479.0,1102.0,75.0,1837.0,0.3592814371257485
OUT-0427,Sabaragamuwa,Wholesale,152.0,322.0,402.0,876.0,92.0,2277.0,0.5748792270531401
OUT-1039,Central,Convenience,233.0,341.0,502.0,1076.0,135.0,2829.0,0.5719335454224107
OUT-0253,Southern,Convenience,279.0,366.0,510.0,1155.0,101.0,2598.0,0.5165511932255581
OUT-0239,Western,Convenience,120.0,190.0,256.0,566.0,42.0,1388.0,0.5619596541786743
OUT-0845,Central,Wholesale,167.0,251.0,306.0,724.0,74.0,2228.0,0.6418312387791741
OUT-0846,Central,Convenience,357.0,525.0,692.0,1574.0,196.0,4203.0,0.5788722341184868
OUT-0555,Southern,Supermarket,143.0,174.0,252.0,569.0,19.0,1124.0,0.47686832740213525
OUT-0546,Western,Convenience,230.0,379.0,510.0,1119.0,137.0,3309.0,0.6204291326684799
OUT-0251,North Western,Supermarket,312.0,393.0,671.0,1376.0,159.0,3940.0,0.6104060913705583
OUT-0740,Southern,Wholesale,222.0,381.0,467.0,1070.0,100.0,3152.0,0.6288071065989848
OUT-0965,Southern,Convenience,368.0,546.0,767.0,1681.0,220.0,4507.0,0.5782116707344132
OUT-0199,Sabaragamuwa,Supermarket,135.0,301.0,379.0,815.0,89.0,2250.0,0.5982222222222222
OUT-0898,Central,Supermarket,205.0,235.0,367.0,807.0,90.0,1742.0,0.48507462686567165
OUT-1089,Western,Convenience,255.0,431.0,545.0,1231.0,140.0,3466.0,0.6044431621465667
OUT-0990,Southern,Convenience,299.0,479.0,720.0,1498.0,197.0,4594.0,0.631040487592512
OUT-1041,Western,Supermarket,165.0,179.0,302.0,646.0,62.0,1408.0,0.4971590909090909
OUT-0244,Central,Supermarket,267.0,391.0,562.0,1220.0,142.0,2999.0,0.5458486162054018
OUT-0067,Southern,Supermarket,250.0,366.0,601.0,1217.0,108.0,2879.0,0.5397707537339353
OUT-1187,Southern,Convenience,233.0,323.0,516.0,1072.0,64.0,1795.0,0.3671309192200557
OUT-0934,Central,Wholesale,295.0,487.0,600.0,1382.0,158.0,3181.0,0.515875510845646
OUT-0360,Central,Wholesale,267.0,429.0,622.0,1318.0,141.0,3140.0,0.5353503184713376
OUT-0096,Central,Supermarket,269.0,383.0,613.0,1265.0,143.0,3752.0,0.6247334754797441
OUT-0751,Western,Convenience,209.0,297.0,401.0,907.0,84.0,1816.0,0.45429515418502203
OUT-0190,Western,Convenience,193.0,231.0,434.0,858.0,53.0,1592.0,0.4277638190954774
OUT-0522,Central,Convenience,227.0,342.0,465.0,1034.0,118.0,2594.0,0.5558982266769468
OUT-0975,Sabaragamuwa,Wholesale,207.0,283.0,393.0,883.0,63.0,1770.0,0.4655367231638418
OUT-0666,North Western,Supermarket,296.0,479.0,698.0,1473.0,211.0,4288.0,0.6072761194029851
OUT-0362,Southern,Supermarket,172.0,222.0,358.0,752.0,105.0,3418.0,0.7492685781158572
OUT-0485,North Western,Convenience,126.0,221.0,268.0,615.0,67.0,1588.0,0.570528967254408
OUT-0312,Western,Convenience,222.0,362.0,507.0,1091.0,127.0,2777.0,0.5613971912135398
OUT-0843,Central,Supermarket,249.0,406.0,529.0,1184.0,127.0,3448.0,0.6197795823665894
OUT-0414,Western,Supermarket,367.0,530.0,753.0,1650.0,218.0,5006.0,0.626847782660807
OUT-0032,North Western,Supermarket,403.0,539.0,903.0,1845.0,178.0,3654.0,0.446360153256705
OUT-0766,North Western,Wholesale,137.0,199.0,189.0,525.0,56.0,879.0,0.3390216154721274
OUT-0459,Western,Wholesale,333.0,517.0,645.0,1495.0,200.0,3357.0,0.49508489722966936
OUT-0340,Southern,Wholesale,362.0,592.0,776.0,1730.0,190.0,3931.0,0.5115746629356398
OUT-0287,Western,Supermarket,126.0,175.0,307.0,608.0,71.0,3161.0,0.7851945586839608
OUT-0950,Sabaragamuwa,Wholesale,209.0,324.0,417.0,950.0,161.0,4261.0,0.7392630837831495
OUT-0140,Sabaragamuwa,Convenience,156.0,232.0,271.0,659.0,71.0,2511.0,0.7092791716447631
OUT-0849,Southern,Convenience,171.0,264.0,370.0,805.0,62.0,1804.0,0.5194013303769401
OUT-1026,Southern,Convenience,207.0,291.0,408.0,906.0,130.0,2467.0,0.5800567490879611
OUT-0901,Sabaragamuwa,Convenience,232.0,358.0,560.0,1150.0,127.0,3209.0,0.6020567154876909
OUT-0732,Central,Convenience,121.0,174.0,302.0,597.0,70.0,1385.0,0.5184115523465704
OUT-0265,North Western,Supermarket,365.0,530.0,787.0,1682.0,209.0,4367.0,0.5669796198763453
OUT-0275,Western,Wholesale,267.0,475.0,628.0,1370.0,119.0,2614.0,0.43037490436113235
OUT-1095,Central,Convenience,289.0,412.0,562.0,1263.0,166.0,4269.0,0.6652611852892949
OUT-0445,Southern,Supermarket,184.0,301.0,375.0,860.0,86.0,1770.0,0.4655367231638418
OUT-0040,Central,Supermarket,287.0,433.0,693.0,1413.0,175.0,4158.0,0.6180856180856181
OUT-0022,North Western,Supermarket,182.0,309.0,537.0,1028.0,73.0,2299.0,0.5210961287516311
OUT-0706,Sabaragamuwa,Supermarket,266.0,385.0,566.0,1217.0,158.0,3201.0,0.570446735395189
OUT-0518,Southern,Convenience,287.0,506.0,711.0,1504.0,173.0,3694.0,0.5460205739036275
OUT-0355,Western,Supermarket,231.0,400.0,528.0,1159.0,108.0,2366.0,0.46449704142011833
OUT-0298,Central,Convenience,308.0,485.0,738.0,1531.0,191.0,4429.0,0.6111989162339129
OUT-1077,Western,Convenience,282.0,458.0,625.0,1365.0,122.0,3101.0,0.5204772653982587
OUT-0840,Southern,Supermarket,255.0,421.0,609.0,1285.0,139.0,3513.0,0.5946484486194136
OUT-0925,Sabaragamuwa,Supermarket,149.0,240.0,366.0,755.0,93.0,2239.0,0.6212594908441268
OUT-0123,Sabaragamuwa,Supermarket,115.0,222.0,254.0,591.0,72.0,2122.0,0.6875589066918002
OUT-1092,Southern,Supermarket,259.0,419.0,617.0,1295.0,144.0,2680.0,0.46305970149253733
OUT-0418,Central,Convenience,313.0,476.0,685.0,1474.0,167.0,3493.0,0.5302032636701975
OUT-0967,Central,Convenience,362.0,566.0,832.0,1760.0,148.0,3153.0,0.3948620361560419
OUT-0158,Western,Supermarket,275.0,498.0,657.0,1430.0,170.0,4237.0,0.6223743214538588
OUT-1119,Sabaragamuwa,Supermarket,210.0,320.0,384.0,914.0,94.0,2305.0,0.5626898047722343
OUT-1064,North Western,Wholesale,289.0,449.0,641.0,1379.0,203.0,4431.0,0.6429699842022117
OUT-0590,Central,Convenience,115.0,124.0,236.0,475.0,127.0,1203.0,0.4995843724023275
OUT-0761,Southern,Supermarket,298.0,476.0,621.0,1395.0,156.0,3788.0,0.5905491024287223
OUT-1063,Sabaragamuwa,Supermarket,187.0,297.0,378.0,862.0,114.0,3139.0,0.6890729531697993
OUT-0243,Central,Convenience,184.0,250.0,354.0,788.0,53.0,2167.0,0.6119058606368251
OUT-0885,Southern,Supermarket,172.0,288.0,423.0,883.0,49.0,456.0,-1.043859649122807
OUT-0651,Western,Convenience,225.0,373.0,478.0,1076.0,144.0,3886.0,0.6860524961399898
OUT-0504,Western,Supermarket,247.0,429.0,538.0,1214.0,85.0,2433.0,0.46609124537607893
OUT-0923,Southern,Wholesale,274.0,393.0,672.0,1339.0,179.0,3903.0,0.6110684089162183
OUT-0160,Southern,Convenience,282.0,441.0,727.0,1450.0,139.0,3271.0,0.5142158361357383
OUT-0883,Western,Convenience,369.0,535.0,802.0,1706.0,159.0,3719.0,0.49852110782468406
OUT-0538,Sabaragamuwa,Supermarket,151.0,211.0,355.0,717.0,61.0,2271.0,0.6574196389255834
OUT-0241,Western,Wholesale,317.0,549.0,765.0,1631.0,182.0,4135.0,0.5615477629987908
OUT-0014,Central,Supermarket,330.0,494.0,729.0,1553.0,147.0,3342.0,0.49132256134051466
OUT-0476,Southern,Supermarket,193.0,309.0,421.0,923.0,96.0,2933.0,0.6525741561541084
OUT-1179,Southern,Convenience,134.0,268.0,375.0,777.0,102.0,2064.0,0.5741279069767442
OUT-0929,Central,Convenience,270.0,404.0,557.0,1231.0,135.0,2662.0,0.4868519909842224
OUT-0796,Western,Convenience,196.0,304.0,530.0,1030.0,76.0,2720.0,0.5933823529411765
OUT-0356,North Western,Supermarket,213.0,363.0,567.0,1143.0,146.0,3686.0,0.6502984264785675
OUT-1059,Central,Convenience,258.0,431.0,565.0,1254.0,138.0,3020.0,0.5390728476821192
OUT-0335,Western,Wholesale,168.0,249.0,304.0,721.0,54.0,1983.0,0.6091780131114473
OUT-0689,Southern,Supermarket,304.0,460.0,701.0,1465.0,204.0,4102.0,0.5931253047294003
OUT-0185,North Western,Wholesale,333.0,444.0,664.0,1441.0,168.0,3048.0,0.47211286089238846
OUT-0824,Southern,Supermarket,272.0,430.0,656.0,1358.0,170.0,3571.0,0.5721086530383646
OUT-1163,Southern,Supermarket,283.0,524.0,709.0,1516.0,174.0,3819.0,0.5574757789997381
OUT-1002,Central,Convenience,260.0,332.0,520.0,1112.0,125.0,3076.0,0.5978543563068921
OUT-0188,Western,Supermarket,155.0,220.0,283.0,658.0,51.0,1223.0,0.42027800490596895
OUT-0942,Central,Convenience,323.0,537.0,799.0,1659.0,184.0,4495.0,0.5899888765294772
OUT-0285,Sabaragamuwa,Convenience,258.0,421.0,614.0,1293.0,139.0,3974.0,0.6396577755410167
OUT-0900,Sabaragamuwa,Wholesale,259.0,438.0,526.0,1223.0,138.0,3260.0,0.5825153374233129
OUT-0166,North Western,Supermarket,228.0,318.0,475.0,1021.0,133.0,2959.0,0.6100033795201082
OUT-0348,Central,Supermarket,195.0,306.0,496.0,997.0,87.0,2755.0,0.6065335753176043
OUT-0299,Western,Supermarket,299.0,486.0,650.0,1435.0,148.0,3385.0,0.5323485967503693
OUT-0536,North Western,Convenience,177.0,291.0,365.0,833.0,94.0,3159.0,0.7065527065527065
OUT-0230,Sabaragamuwa,Wholesale,156.0,247.0,344.0,747.0,56.0,1573.0,0.48951048951048953
OUT-0042,Western,Supermarket,316.0,471.0,759.0,1546.0,148.0,3775.0,0.5512582781456954
OUT-0869,Central,Supermarket,158.0,195.0,333.0,686.0,9.0,1221.0,0.4307944307944308
OUT-0749,Western,Supermarket,328.0,542.0,699.0,1569.0,136.0,3459.0,0.5070829719572131
OUT-1197,Western,Convenience,207.0,293.0,387.0,887.0,78.0,2052.0,0.5297270955165692
OUT-0447,Central,Supermarket,373.0,558.0,825.0,1756.0,207.0,5296.0,0.6293429003021148
OUT-0350,Central,Convenience,104.0,191.0,256.0,551.0,86.0,2238.0,0.7153708668453976
OUT-0046,Western,Supermarket,329.0,491.0,710.0,1530.0,135.0,4100.0,0.5939024390243902
OUT-0109,Western,Supermarket,137.0,233.0,332.0,702.0,39.0,1662.0,0.5541516245487365
OUT-0030,North Western,Wholesale,307.0,466.0,660.0,1433.0,153.0,3467.0,0.5425439861551774
OUT-0182,Western,Convenience,391.0,528.0,747.0,1666.0,228.0,4743.0,0.60067467847354
OUT-0622,Southern,Convenience,268.0,368.0,548.0,1184.0,152.0,3294.0,0.5944140862173649
OUT-0635,North Western,Supermarket,121.0,227.0,201.0,549.0,23.0,637.0,0.10204081632653061
OUT-0105,Southern,Convenience,329.0,514.0,627.0,1470.0,217.0,4192.0,0.5975667938931297
OUT-0061,Western,Supermarket,270.0,455.0,631.0,1356.0,170.0,3308.0,0.5386940749697703
OUT-0659,Central,Supermarket,293.0,432.0,721.0,1446.0,138.0,3892.0,0.593011305241521
OUT-1108,North Western,Supermarket,196.0,332.0,458.0,986.0,166.0,3914.0,0.7056719468574348
OUT-0491,Western,Supermarket,292.0,442.0,676.0,1410.0,175.0,3917.0,0.595353586928772
OUT-0316,North Western,Wholesale,237.0,328.0,453.0,1018.0,88.0,1499.0,0.2621747831887925
OUT-0382,Central,Supermarket,351.0,591.0,784.0,1726.0,195.0,4871.0,0.6056251283104085
OUT-0423,Southern,Supermarket,74.0,187.0,213.0,474.0,69.0,2279.0,0.7617376042123738
OUT-0446,North Western,Wholesale,291.0,430.0,704.0,1425.0,130.0,2967.0,0.4759015840916751
OUT-0664,Southern,Wholesale,173.0,181.0,381.0,735.0,70.0,1779.0,0.5474985947161327
OUT-1025,Western,Supermarket,327.0,405.0,561.0,1293.0,136.0,2985.0,0.5212730318257957
OUT-0780,Central,Supermarket,292.0,533.0,721.0,1546.0,154.0,4227.0,0.5978235154956234
OUT-0627,Western,Supermarket,287.0,520.0,745.0,1552.0,207.0,4661.0,0.6226131731388114
OUT-1113,Western,Wholesale,251.0,372.0,622.0,1245.0,135.0,3419.0,0.5963732085405089
OUT-1102,Central,Supermarket,220.0,377.0,481.0,1078.0,68.0,2198.0,0.4786169244767971
OUT-0269,North Western,Convenience,132.0,230.0,313.0,675.0,100.0,2283.0,0.6605343845816908
OUT-0930,Western,Supermarket,322.0,494.0,633.0,1449.0,195.0,4625.0,0.6445405405405406
OUT-1148,Southern,Supermarket,328.0,466.0,687.0,1481.0,177.0,4373.0,0.6208552481134233
OUT-1120,Southern,Convenience,349.0,575.0,732.0,1656.0,184.0,4538.0,0.5945350374614368
OUT-0012,Central,Convenience,322.0,486.0,705.0,1513.0,207.0,4496.0,0.6174377224199288
OUT-0115,Southern,Supermarket,172.0,277.0,328.0,777.0,92.0,3029.0,0.7131066358534169
OUT-0844,Sabaragamuwa,Convenience,201.0,357.0,496.0,1054.0,117.0,2513.0,0.5340230799840827
OUT-0353,Western,Supermarket,248.0,414.0,563.0,1225.0,156.0,3496.0,0.6049771167048055
OUT-0774,Sabaragamuwa,Wholesale,311.0,554.0,718.0,1583.0,131.0,3700.0,0.5367567567567567
OUT-0691,Central,Convenience,201.0,286.0,385.0,872.0,81.0,2286.0,0.5831146106736658
OUT-0791,North Western,Supermarket,179.0,254.0,337.0,770.0,83.0,2077.0,0.5893115069812229
OUT-0532,Western,Convenience,306.0,433.0,584.0,1323.0,191.0,3384.0,0.5526004728132388
OUT-0868,Sabaragamuwa,Convenience,311.0,546.0,641.0,1498.0,206.0,4548.0,0.6253298153034301
OUT-0170,Central,Supermarket,366.0,569.0,780.0,1715.0,207.0,4047.0,0.5250803063998023
OUT-0240,North Western,Supermarket,138.0,234.0,329.0,701.0,80.0,1942.0,0.59783728115345
OUT-1185,North Western,Supermarket,194.0,234.0,312.0,740.0,104.0,2791.0,0.6975994267287711
OUT-0074,North Western,Convenience,190.0,286.0,441.0,917.0,67.0,2133.0,0.5386779184247539
OUT-1087,Sabaragamuwa,Wholesale,292.0,446.0,651.0,1389.0,190.0,4351.0,0.6370949207078832
OUT-0762,Southern,Convenience,134.0,261.0,323.0,718.0,46.0,600.0,-0.2733333333333333
OUT-0741,Western,Supermarket,133.0,184.0,256.0,573.0,135.0,1191.0,0.40554156171284633
OUT-0742,Central,Supermarket,125.0,231.0,319.0,675.0,51.0,1537.0,0.52765126870527
OUT-0048,Western,Convenience,183.0,344.0,388.0,915.0,89.0,2545.0,0.6055009823182711
OUT-0763,Southern,Supermarket,120.0,203.0,324.0,647.0,72.0,2280.0,0.6846491228070175
OUT-0592,Western,Convenience,246.0,335.0,487.0,1068.0,140.0,3202.0,0.622735790131168
OUT-0808,Western,Supermarket,157.0,273.0,329.0,759.0,73.0,2722.0,0.6943423952975754
OUT-1084,Central,Convenience,318.0,549.0,703.0,1570.0,211.0,4865.0,0.6339157245632066
OUT-0506,Western,Supermarket,308.0,520.0,620.0,1448.0,156.0,4196.0,0.6177311725452812
OUT-1045,Sabaragamuwa,Supermarket,137.0,207.0,221.0,565.0,46.0,1270.0,0.5188976377952756
OUT-0653,Western,Supermarket,303.0,435.0,684.0,1422.0,167.0,3835.0,0.5856584093872229
OUT-0193,Western,Convenience,143.0,175.0,317.0,635.0,75.0,1268.0,0.4400630914826498
OUT-0245,Western,Convenience,273.0,450.0,595.0,1318.0,126.0,3481.0,0.5851766733697213
OUT-0060,Western,Supermarket,165.0,218.0,362.0,745.0,59.0,1937.0,0.5849251419721219
OUT-0177,Central,Convenience,214.0,372.0,438.0,1024.0,127.0,3582.0,0.6786711334450027
OUT-0450,Central,Supermarket,277.0,416.0,673.0,1366.0,136.0,3158.0,0.5243825205826472
OUT-0056,Western,Convenience,343.0,431.0,687.0,1461.0,139.0,3315.0,0.5173453996983409
OUT-0920,Western,Supermarket,262.0,442.0,578.0,1282.0,117.0,2783.0,0.4973050664750269
OUT-1093,North Western,Convenience,200.0,307.0,384.0,891.0,115.0,3672.0,0.7260348583877996
OUT-1193,Southern,Supermarket,344.0,528.0,758.0,1630.0,164.0,3951.0,0.5459377372817008
OUT-1060,Western,Supermarket,281.0,437.0,687.0,1405.0,154.0,3878.0,0.5979886539453326
OUT-0642,Sabaragamuwa,Wholesale,283.0,492.0,699.0,1474.0,198.0,3818.0,0.5620743844944998
